price,community,layout,perprice,region,area,payment,year,orientation,type,floor,renovation,elevator
62.8,金科集美天宸,3室2厅2卫,5981,"市中区－城西－甜城大道,近汉渝大道",105,18.84,2019,南北,普通住宅,低层(共28层),毛坯,有
57,新华维港城,3室2厅2卫,5816,市中区－城西－石羊大道北段222号,98,17.1,2020,南北,普通住宅,低层(共26层),精装修,有
80,金山国际,3室2厅2卫,6557,东兴区－新六中－晨望路8号,122,24,2010,南北,普通住宅,低层(共28层),精装修,有
69.8,万晟城峰景,3室2厅1卫,8982,东兴区－三湾路－汉安大道东段111号,77.7,20.94,2014,南,普通住宅,低层(共29层),精装修,有
120,西湖郦景,3室2厅2卫,10000,"隆昌市－隆昌城区－隆华路,近万隆路",120,36,2016,南北,普通住宅,低层(共27层),精装修,有
75.8,北关新城和坊,3室2厅1卫,7431,隆昌市－隆昌城区－大北街121号,102,22.74,2012,南北,普通住宅,低层(共28层),精装修,有
61.8,江城花园,3室2厅2卫,6059,市中区－城西－江华街6号,102,18.54,2012,南北,普通住宅,低层(共26层),精装修,有
63.8,雄飞国际新城,3室2厅1卫,6380,"威远县－威远城区－东风北路,近小河东路",100,19.14,2016,南北,普通住宅,低层(共28层),精装修,有
78.2,翡翠国际社区,3室2厅1卫,8937,东兴区－东兴－汉安大道西段927号,87.5,23.46,2014,南北,普通住宅,低层(共26层),精装修,有
69.8,现代国际,3室2厅2卫,7122,资中县－资中城区－资州大道南一段46号,98,20.94,2015,南北,普通住宅,低层(共29层),精装修,有
66.8,金山一品,3室2厅2卫,6614,"资中县－资中城区－资州大道,近抚琴街",101,20.04,2015,南北,普通住宅,低层(共29层),精装修,有
63.8,海棠雅居,3室2厅2卫,7550,东兴区－月儿湾－大千路869号,84.5,19.14,2008,南北,普通住宅,低层(共25层),精装修,有
62.8,现代国际,3室2厅2卫,6299,资中县－资中城区－资州大道南一段46号,99.7,18.84,2011,南北,普通住宅,低层(共28层),精装修,有
65.8,金山一品,3室2厅2卫,6515,"资中县－资中城区－资州大道,近抚琴街",101,19.74,2014,南北,普通住宅,低层(共28层),精装修,有
103,天成国际,3室2厅2卫,9626,东兴区－东兴－兴盛路东段485号,107,30.9,2016,南北,普通住宅,低层(共28层),精装修,有
85,金科公园王府,3室2厅1卫,9884,"东兴区－新六中－大千路,近玉屏街",86,25.5,2013,南北,普通住宅,低层(共28层),精装修,有
55.8,锦华都,2室2厅1卫,7440,东兴区－月儿湾－汉安大道东段888号,75,16.74,2015,南北,普通住宅,低层(共28层),精装修,有
54.8,万晟城华府,2室2厅1卫,6859,"东兴区－月儿湾－汉安大道,近321国道",79.9,16.44,2015,南北,普通住宅,低层(共28层),精装修,有
38,荣威尚景,2室2厅1卫,5196,"威远县－威远城区－二环路,近顺城街",73.1,11.4,2016,南北,普通住宅,低层(共28层),精装修,有
56.8,邦泰国际公馆(东区),2室2厅1卫,8875,"东兴区－新六中－大千路,近北环路",64,17.04,2017,南北,普通住宅,低层(共28层),精装修,有
78,御都花园,3室2厅2卫,7443,资中县－资中城区－春岚北路,104.8,23.4,2013,南,普通住宅,低层(共26层),精装修,有
53.8,御都花园,3室2厅2卫,5878,资中县－资中城区－春岚北路,91.5,16.14,2019,南北,普通住宅,中层(共26层),毛坯,有
40.8,农业局宿舍,3室2厅1卫,3778,资中县－资中城区－花圃街202号,108,12.24,2010,南北,普通住宅,低层(共8层),精装修,无
53.6,御都花园,3室2厅1卫,6233,资中县－资中城区－春岚北路,86,16.08,2017,南北,普通住宅,高层(共26层),毛坯,有
59.8,和喜御景台,3室2厅2卫,6165,"市中区－城西－甜城大道中段,近安居街",97,17.94,2019,南北,普通住宅,低层(共11层),毛坯,有
51.8,御都花园,3室2厅1卫,6094,资中县－资中城区－春岚北路,85,15.54,2019,南北,普通住宅,高层(共26层),毛坯,有
68.8,御都花园,3室2厅2卫,7560,资中县－资中城区－春岚北路,91,20.64,2018,南北,普通住宅,中层(共27层),精装修,有
46,御都花园,3室2厅1卫,5412,资中县－资中城区－春岚北路,85,13.8,2018,东,普通住宅,低层(共26层),毛坯,有
58.8,御都花园,3室2厅2卫,6504,资中县－资中城区－春岚北路,90.4,17.64,2017,南北,普通住宅,中层(共27层),毛坯,有
80.8,御都花园,3室2厅2卫,7845,资中县－资中城区－春岚北路,103,24.24,2018,南北,普通住宅,中层(共27层),豪华装修,有
75.8,御都花园,3室2厅2卫,7345,资中县－资中城区－春岚北路,103.2,22.74,2017,南北,普通住宅,低层(共27层),精装修,有
53.6,御都花园,3室2厅1卫,6306,资中县－资中城区－春岚北路,85,16.08,2017,南北,普通住宅,低层(共26层),毛坯,有
39.8,农业局宿舍,3室2厅1卫,3685,资中县－资中城区－花圃街202号,108,11.94,2000,南北,普通住宅,低层(共8层),精装修,无
45.8,兴隆小区二期,3室2厅1卫,5388,"东兴区－三湾路－五星路,近兴隆路",85,13.74,2014,南北,普通住宅,低层(共6层),精装修,无
47.8,御都花园,3室2厅1卫,5624,资中县－资中城区－春岚北路,85,14.34,2019,南北,普通住宅,低层(共28层),毛坯,有
69.8,凤凰城,3室2厅2卫,7587,"资中县－资中城区－321国道,近资州大道",92,20.94,2016,南北,普通住宅,低层(共28层),豪华装修,有
56,百庆小区,3室2厅1卫,5185,隆昌市－隆昌城区－康复中路603号,108,16.8,1999,南北,普通住宅,低层(共7层),精装修,无
74.8,凯利翡翠园,3室2厅2卫,7446,"资中县－资中城区－和鸣大道,近东大道二段",100.5,22.44,2014,南北,普通住宅,低层(共11层),精装修,有
77.7,花满庭,3室2厅2卫,7262,东兴区－新六中－汉安大道西380号,107,23.31,2010,东南,普通住宅,高层(共28层),精装修,有
68.8,御都花园,3室2厅2卫,7560,资中县－资中城区－春岚北路,91,20.64,2017,南北,普通住宅,中层(共27层),精装修,有
83.8,南河半岛,3室2厅2卫,8136,隆昌市－隆昌城区－青年路,103,25.14,2017,南北,普通住宅,低层(共25层),精装修,有
67.2,广汇城市花园,3室2厅2卫,5053,东兴区－月儿湾－三号路666号,133,20.16,2007,南北,普通住宅,低层(共6层),精装修,无
71.8,凤凰城,3室2厅2卫,7305,"资中县－资中城区－321国道,近资州大道",98.3,21.54,2014,南北,普通住宅,低层(共33层),精装修,有
76.8,花满庭,3室2厅2卫,7918,东兴区－新六中－汉安大道西380号,97,23.04,2015,南北,普通住宅,高层(共26层),精装修,有
45.8,新华路东三巷30号院,3室2厅1卫,4771,市中区－城西－新华路东三巷30号,96,13.74,2001,南北,普通住宅,低层(共6层),精装修,无
68.8,金山晶座,3室2厅1卫,7818,资中县－资中城区－滨江西路236号,88,20.64,2015,东,普通住宅,低层(共30层),精装修,有
59.8,西城时代,3室2厅1卫,6719,市中区－城西－甜城大道505号,89,17.94,2017,南北,普通住宅,低层(共27层),精装修,有
59,玉都花园A区,3室2厅2卫,4275,东兴区－新六中－兴盛路西段156号,138,17.7,2008,南北,普通住宅,低层(共6层),精装修,无
53.8,蜀阳花园,3室2厅2卫,6482,资中县－资中城区－桂花街188号,83,16.14,2012,南北,普通住宅,低层(共7层),精装修,无
79.8,海棠雅居,3室2厅2卫,8061,东兴区－月儿湾－大千路869号,99,23.94,2016,南北,普通住宅,中层(共25层),精装修,有
54.8,万晟城华府,2室2厅1卫,6859,"东兴区－月儿湾－汉安大道,近321国道",79.9,16.44,2015,南北,普通住宅,低层(共28层),精装修,有
58.8,御都花园,3室2厅2卫,6487,资中县－资中城区－春岚北路,90.6,17.64,2019,南北,普通住宅,中层(共27层),毛坯,有
53.6,御都花园,3室2厅1卫,6233,资中县－资中城区－春岚北路,86,16.08,2017,南北,普通住宅,高层(共26层),毛坯,有
67.2,广汇城市花园,3室2厅2卫,5053,东兴区－月儿湾－三号路666号,133,20.16,2005,南北,普通住宅,低层(共7层),精装修,无
71.8,凤凰城,3室2厅2卫,7305,"资中县－资中城区－321国道,近资州大道",98.3,21.54,2014,南北,普通住宅,低层(共33层),精装修,有
53.6,御都花园,3室2厅1卫,6233,资中县－资中城区－春岚北路,86,16.08,2017,南北,普通住宅,高层(共26层),毛坯,有
67.2,广汇城市花园,3室2厅2卫,5053,东兴区－月儿湾－三号路666号,133,20.16,2008,南北,普通住宅,低层(共6层),精装修,无
53.6,御都花园,3室2厅1卫,6233,资中县－资中城区－春岚北路,86,16.08,2018,南北,普通住宅,中层(共25层),精装修,有
79.6,北关新城和坊,3室2厅1卫,7728,隆昌市－隆昌城区－大北街121号,103,23.88,2012,南北,普通住宅,低层(共28层),精装修,有
64,兆信花千谷,3室2厅1卫,7273,"东兴区－月儿湾－汉安大道,近大千路",88,19.2,2015,南北,普通住宅,中层(共27层),精装修,有
78,江语丽府,3室2厅2卫,6341,资中县－资中城区－滨江东路399号,123,23.4,2014,南北,普通住宅,高层(共28层),毛坯,有
62.8,祥和港都,3室2厅1卫,6408,市中区－城西－双苏路323号,98,18.84,2012,南北,普通住宅,中层(共24层),精装修,有
78,北关新城和坊,3室2厅1卫,7573,隆昌市－隆昌城区－大北街121号,103,23.4,2015,南北,普通住宅,低层(共28层),精装修,有
79.8,海棠雅居,3室2厅2卫,9500,东兴区－月儿湾－大千路869号,84,23.94,2012,南北,普通住宅,中层(共28层),精装修,有
62.8,时代晶座,3室2厅1卫,6356,资中县－资中城区－城南东大道,98.8,18.84,2017,南北,普通住宅,高层(共17层),精装修,有
63.8,誉峰小区,3室2厅2卫,5907,威远县－威远城区－外北路东段,108,19.14,2012,南北,普通住宅,中层(共28层),精装修,有
56.8,天成国际,3室2厅2卫,6108,东兴区－东兴－兴盛路东段485号,93,17.04,2016,南北,普通住宅,中层(共30层),毛坯,有
62.8,财富国际,3室2厅2卫,7040,"资中县－资中城区－资州大道,近祥云街",89.2,18.84,2015,东西,普通住宅,中层(共31层),精装修,有
70.6,花满庭,3室2厅2卫,9051,东兴区－新六中－汉安大道西380号,78,21.18,2010,南北,普通住宅,高层(共26层),精装修,有
70.8,汉安国际,3室2厅2卫,5950,东兴区－月儿湾－汉安大道西128号,119,21.24,2010,南北,普通住宅,高层(共28层),精装修,有
49.8,浩盛甜城印象,3室2厅1卫,5134,"市中区－城西－甜城大道,近汉渝大道",97,14.94,2018,南北,普通住宅,高层(共26层),毛坯,有
57.8,船锦城南1号,3室2厅2卫,6352,资中县－资中城区－资州大道南二段36号,91,17.34,2015,南北,普通住宅,低层(共27层),精装修,有
104,西湖逸品,3室2厅2卫,8830,隆昌市－隆昌城区－隆华路一段51号,117.8,31.2,2015,南北,普通住宅,低层(共28层),豪华装修,有
69.8,邦泰国际公馆(西区),3室2厅1卫,9694,东兴区－新六中－北环路888号,72,20.94,2014,南北,普通住宅,中层(共27层),精装修,有
69.8,金石广场,3室2厅2卫,5453,"东兴区－新六中－西林大道,近北环路",128,20.94,2011,南,普通住宅,高层(共28层),豪华装修,有
58,花满庭,3室2厅1卫,7296,东兴区－新六中－汉安大道西380号,79.5,17.4,2012,南北,普通住宅,中层(共25层),精装修,有
78.8,海棠雅居,3室2厅2卫,9381,东兴区－月儿湾－大千路869号,84,23.64,2012,南,普通住宅,中层(共25层),精装修,有
61.8,荷香苑,3室2厅2卫,5237,市中区－城西－双苏路269号,118,18.54,2014,南,普通住宅,中层(共29层),精装修,有
65.8,金科翡翠公园,3室2厅2卫,6267,"东兴区－三湾路－321国道,近汉安大道",105,19.74,2019,南北,普通住宅,中层(共30层),毛坯,有
65.9,甜城国际社区B区,3室2厅2卫,6276,市中区－城西－南鞍路,105,19.77,2019,南北,普通住宅,中层(共25层),精装修,有
43.8,远达世纪城,3室2厅2卫,4854,资中县－资中城区－凤鸣路,90.2,13.14,2020,南北,普通住宅,高层(共23层),毛坯,有
69.6,鸿通春天江与城,3室2厅1卫,9495,"东兴区－东兴－兰桂大道,近北环路",73.3,20.88,2016,南北,普通住宅,中层(共33层),精装修,有
62.8,邦泰大观府,3室2厅2卫,7753,"东兴区－三湾路－双凤路,近兰桂大道",81,18.84,2019,南北,普通住宅,高层(共18层),毛坯,有
53,金科集美天宸,3室2厅2卫,5699,"市中区－城西－甜城大道,近汉渝大道",93,15.9,2019,南北,普通住宅,中层(共29层),毛坯,有
48,英伦世家,3室2厅2卫,5106,"市中区－城西－内资路,汉渝大道",94,14.4,2013,南北,普通住宅,高层(共26层),毛坯,有
77.6,鸿通春天江与城,3室2厅2卫,9823,"东兴区－东兴－兰桂大道,近北环路",79,23.28,2015,南北,普通住宅,中层(共32层),精装修,有
89.8,西湖国际,3室2厅1卫,9145,"隆昌市－隆昌城区－环城南路,近万隆路",98.2,26.94,2015,东,普通住宅,中层(共32层),精装修,有
108,蜀隆首座,3室2厅2卫,9558,"隆昌市－隆昌城区－人民中路,近万隆路",113,32.4,2018,南,普通住宅,高层(共25层),精装修,有
53.6,莱菲特广场,3室2厅1卫,5900,隆昌市－隆昌城区－环城南路 ,90.8,16.08,2015,南北,普通住宅,中层(共31层),毛坯,有
79.8,海棠雅居,3室2厅2卫,9477,东兴区－月儿湾－大千路869号,84.2,23.94,2013,南北,普通住宅,中层(共25层),精装修,有
67.8,揽景苑,3室2厅2卫,6396,市中区－城西－新华路东2巷26号,106,20.34,2015,南北,普通住宅,高层(共28层),精装修,有
63.5,大千华庭,3室2厅1卫,7056,东兴区－新六中－天河街8号,90,19.05,2015,南北,普通住宅,中层(共32层),精装修,有
57.8,金科中央公园城,3室2厅1卫,6429,市中区－城西－内椑路,89.9,17.34,2014,南北,普通住宅,中层(共33层),精装修,有
56.8,城南1号东苑小区,3室2厅2卫,6375,资中县－资中城区－资州大道,89.1,17.04,2018,南北,普通住宅,高层(共21层),毛坯,有
63.8,长富名苑,3室2厅2卫,5361,市中区－市中周边－腾飞路12号,119,19.14,2008,南北,普通住宅,低层(共28层),精装修,有
79.8,北关新城和坊,3室2厅1卫,7748,隆昌市－隆昌城区－大北街121号,103,23.94,2012,南北,普通住宅,低层(共29层),精装修,有
75.8,北关新城和坊,3室2厅1卫,7431,隆昌市－隆昌城区－大北街121号,102,22.74,2012,南北,普通住宅,低层(共28层),精装修,有
58,精城峰阁,3室2厅1卫,5577,市中区－城西－新建村13号,104,17.4,2012,南,普通住宅,中层(共24层),简单装修,有
98.8,紫云府小区,3室2厅2卫,10186,隆昌市－隆昌城区－隆华西路,97,29.64,2019,南北,普通住宅,高层(共26层),豪华装修,有
55,华安金果园,3室2厅1卫,5729,市中区－城西－江宁街160号,96,16.5,2015,南北,普通住宅,高层(共28层),毛坯,有
46.8,英伦世家,3室2厅1卫,5032,"市中区－城西－内资路,汉渝大道",93,14.04,2012,南北,普通住宅,低层(共25层),毛坯,无
67.8,揽景苑,3室2厅2卫,6396,市中区－城西－新华路东2巷26号,106,20.34,2013,南,普通住宅,高层(共28层),精装修,有
61.8,江城花园,3室2厅2卫,6059,市中区－城西－江华街6号,102,18.54,2012,南北,普通住宅,低层(共26层),精装修,有
76.6,鸿通春天江与城,3室2厅2卫,7737,"东兴区－东兴－兰桂大道,近北环路",99,22.98,2018,南北,普通住宅,中层(共33层),豪华装修,有
76.8,花满庭,3室2厅2卫,7837,东兴区－新六中－汉安大道西380号,98,23.04,2010,南北,普通住宅,高层(共26层),精装修,有
86.6,隆城1号,3室2厅1卫,9730,"隆昌市－隆昌城区－人民中路,近中山路",89,25.98,2017,南北,普通住宅,高层(共29层),精装修,有
68.8,揽景苑,3室2厅2卫,6552,市中区－城西－新华路东2巷26号,105,20.64,2010,南北,普通住宅,高层(共26层),精装修,有
81.8,海棠雅居,3室2厅2卫,9295,东兴区－月儿湾－大千路869号,88,24.54,2015,南北,普通住宅,中层(共26层),精装修,有
78.8,银杏家园,3室2厅2卫,6678,东兴区－月儿湾－兴隆路380号,118,23.64,2013,南北,普通住宅,高层(共28层),精装修,有
98.6,紫云府小区,3室2厅2卫,10165,隆昌市－隆昌城区－隆华西路,97,29.58,2018,东,普通住宅,高层(共26层),精装修,有
74.8,雄飞国际新城,3室2厅2卫,6504,"威远县－威远城区－东风北路,近小河东路",115,22.44,2016,南北,普通住宅,低层(共28层),精装修,有
56,都英小区,3室2厅1卫,6364,隆昌市－隆昌城区－重庆路86号,88,16.8,2010,南北,普通住宅,低层(共26层),精装修,有
73.8,鸿通春天江与城,3室2厅1卫,7455,"东兴区－东兴－兰桂大道,近北环路",99,22.14,2016,南北,普通住宅,中层(共32层),精装修,有
56.8,船锦城南1号,3室2厅2卫,6375,资中县－资中城区－资州大道南二段36号,89.1,17.04,2015,南北,普通住宅,高层(共21层),毛坯,有
79.8,海棠雅居,3室2厅2卫,9500,东兴区－月儿湾－大千路869号,84,23.94,2013,南北,普通住宅,中层(共25层),精装修,有
57.8,金科集美天宸,3室2厅2卫,5505,"市中区－城西－甜城大道,近汉渝大道",105,17.34,2020,南北,普通住宅,中层(共33层),毛坯,有
65.8,甜城国际社区B区,3室2厅2卫,6388,市中区－城西－南鞍路,103,19.74,2019,南北,普通住宅,中层(共25层),精装修,有
69.8,邦泰国际公馆(西区),3室2厅1卫,9694,东兴区－新六中－北环路888号,72,20.94,2015,南北,普通住宅,中层(共28层),精装修,有
99.8,北关新城和坊,3室2厅2卫,8678,隆昌市－隆昌城区－大北街121号,115,29.94,2012,南北,普通住宅,高层(共18层),精装修,无
74.6,嘉和宽庭,3室2厅1卫,8198,隆昌市－隆昌城区－古宇路261号,91,22.38,2013,南,普通住宅,低层(共28层),精装修,有
63,荷香苑,3室2厅1卫,6225,市中区－城西－双苏路269号,101.2,18.9,2012,南北,普通住宅,中层(共33层),精装修,有
63.8,公园御景,3室2厅1卫,6577,市中区－城西－公园街458号,97,19.14,2012,南北,普通住宅,高层(共26层),豪华装修,有
55,汉安首座,3室2厅1卫,5914,市中区－城西－虹桥中路2号,93,16.5,2010,南北,普通住宅,低层(共28层),毛坯,有
53,都英小区,3室2厅1卫,5955,隆昌市－隆昌城区－重庆路86号,89,15.9,2014,南北,普通住宅,低层(共26层),精装修,有
79.8,北关新城和坊,3室2厅2卫,7748,隆昌市－隆昌城区－大北街121号,103,23.94,2014,南北,普通住宅,低层(共28层),精装修,无
68.8,西林盛景,3室2厅2卫,5733,东兴区－月儿湾－汉安大道376号,120,20.64,2009,南,普通住宅,低层(共26层),简单装修,有
64.8,财富国际,3室2厅2卫,7281,"资中县－资中城区－资州大道,近祥云街",89,19.44,2015,南北,普通住宅,低层(共29层),精装修,有
72.8,鸿通春天江与城,3室2厅1卫,9973,"东兴区－东兴－兰桂大道,近北环路",73,21.84,2017,南,普通住宅,中层(共32层),精装修,有
82.8,领地公馆,3室2厅1卫,9628,隆昌市－隆昌城区－隆华路118号,86,24.84,2017,东,普通住宅,中层(共26层),精装修,有
71.8,鸿通春天江与城,3室2厅1卫,9787,"东兴区－东兴－兰桂大道,近北环路",73.4,21.54,2015,南北,普通住宅,中层(共34层),精装修,有
57.8,上府国奥公馆,3室2厅2卫,5759,"资中县－资中城区－成渝上街,近321国道",100.4,17.34,2019,南北,普通住宅,高层(共26层),毛坯,有
89.8,领地公馆,3室2厅2卫,9453,隆昌市－隆昌城区－隆华路118号,95,26.94,2017,南北,普通住宅,中层(共26层),精装修,有
76.8,花满庭,3室2厅2卫,7918,东兴区－新六中－汉安大道西380号,97,23.04,2015,南北,普通住宅,高层(共26层),精装修,无
73.8,观岭国际社区,3室2厅1卫,7768,隆昌市－隆昌城区－环城南路三段415号,95,22.14,2016,南北,普通住宅,高层(共26层),精装修,有
86.6,嘉和宽庭,3室2厅2卫,8574,隆昌市－隆昌城区－古宇路261号,101,25.98,2016,南北,普通住宅,低层(共28层),精装修,有
76.8,鸿通春天江与城,3室2厅2卫,9722,"东兴区－东兴－兰桂大道,近北环路",79,23.04,2016,南北,普通住宅,中层(共30层),精装修,有
48.2,远达世纪城,3室2厅2卫,5122,资中县－资中城区－凤鸣路,94.1,14.46,2020,南北,普通住宅,低层(共26层),毛坯,有
85.8,嘉和宽庭,3室2厅2卫,8580,隆昌市－隆昌城区－古宇路261号,100,25.74,2016,南北,普通住宅,低层(共29层),精装修,有
56.8,甜城国际社区A区,3室2厅1卫,6382,市中区－城西－石羊大道北段,89,17.04,2018,南北,普通住宅,中层(共32层),毛坯,有
83.6,邦泰国际社区御峰,3室2厅1卫,9687,东兴区－三湾路－双凤路,86.3,25.08,2017,南北,普通住宅,中层(共32层),精装修,有
66,和都国际,3室2厅2卫,6226,东兴区－东兴周边－大千路北延线北环路889号,106,19.8,2017,南北,普通住宅,中层(共31层),毛坯,有
78.8,海棠雅居,3室2厅1卫,9381,东兴区－月儿湾－大千路869号,84,23.64,2013,南北,普通住宅,中层(共25层),精装修,有
62.8,船城首座,3室2厅1卫,7218,资中县－资中城区－滨江西路,87,18.84,2015,南北,普通住宅,中层(共29层),精装修,有
67.8,大盛现代城,3室2厅1卫,5697,市中区－城西－交通路559号,119,20.34,2006,南北,普通住宅,低层(共29层),精装修,有
86.6,嘉和宽庭,3室2厅1卫,8408,隆昌市－隆昌城区－古宇路261号,103,25.98,2016,南北,普通住宅,低层(共26层),精装修,有
73.6,观岭国际社区,3室2厅1卫,7747,隆昌市－隆昌城区－环城南路三段415号,95,22.08,2017,南,普通住宅,高层(共26层),精装修,有
56.8,金山晶座,3室2厅1卫,6396,资中县－资中城区－滨江西路236号,88.8,17.04,2012,南北,普通住宅,中层(共31层),毛坯,有
79.8,邦泰国际社区御峰,3室2厅1卫,9120,东兴区－三湾路－双凤路,87.5,23.94,2017,南北,普通住宅,低层(共28层),精装修,有
82.8,领地公馆,3室2厅1卫,9628,隆昌市－隆昌城区－隆华路118号,86,24.84,2018,南北,普通住宅,中层(共26层),精装修,有
57.8,凤凰城,3室2厅2卫,5898,"资中县－资中城区－321国道,近资州大道",98,17.34,2015,南北,普通住宅,中层(共33层),毛坯,有
57.8,凤凰城,3室2厅1卫,7101,"资中县－资中城区－321国道,近资州大道",81.4,17.34,2015,南北,普通住宅,中层(共33层),精装修,有
78.8,鸿通春天江与城,3室2厅2卫,10023,"东兴区－东兴－兰桂大道,近北环路",78.6,23.64,2015,南北,普通住宅,中层(共33层),精装修,有
61,江语丽府,3室2厅1卫,6158,资中县－资中城区－滨江东路399号,99.1,18.3,2014,南北,普通住宅,高层(共28层),毛坯,有
58.8,现代国际,3室2厅1卫,6189,资中县－资中城区－资州大道南一段46号,95,17.64,2013,南北,普通住宅,中层(共33层),毛坯,有
61.8,凤凰城,3室2厅1卫,6688,"资中县－资中城区－321国道,近资州大道",92.4,18.54,2014,南北,普通住宅,高层(共26层),精装修,有
52.8,现代国际,3室2厅2卫,5913,资中县－资中城区－资州大道南一段46号,89.3,15.84,2014,南北,普通住宅,高层(共29层),毛坯,有
73.8,中铁城市中心,3室2厅2卫,8208,"资中县－资中城区－资州大道,近春岚北路",89.9,22.14,2015,南北,普通住宅,中层(共30层),精装修,有
53.8,新华维港城,3室2厅2卫,5663,市中区－城西－石羊大道北段222号,95,16.14,2019,南北,普通住宅,中层(共25层),精装修,有
69.8,船城首座,3室2厅2卫,7822,资中县－资中城区－滨江西路,89.2,20.94,2017,南北,普通住宅,中层(共33层),毛坯,有
64.6,恒大锦城,3室2厅2卫,6396,资中县－资中城区－凤祥中路,101,19.38,2019,南,普通住宅,高层(共19层),精装修,有
48.6,和喜御南台,3室2厅2卫,5718,"资中县－资中城区－资州大道,近春岚北路",85,14.58,2018,南北,普通住宅,高层(共18层),毛坯,有
57.8,凤凰城,3室2厅1卫,7032,"资中县－资中城区－321国道,近资州大道",82.2,17.34,2013,南北,普通住宅,中层(共33层),精装修,有
79.8,观岭国际社区,3室2厅2卫,7389,隆昌市－隆昌城区－环城南路三段415号,108,23.94,2015,南北,普通住宅,低层(共26层),精装修,有
72.8,中铁城市中心,3室2厅2卫,7583,"资中县－资中城区－资州大道,近春岚北路",96,21.84,2015,南北,普通住宅,中层(共29层),精装修,有
62,凤凰城,3室2厅1卫,6739,"资中县－资中城区－321国道,近资州大道",92,18.6,2013,南北,普通住宅,中层(共26层),精装修,有
70,中铁城市中心,3室2厅2卫,6796,"资中县－资中城区－资州大道,近春岚北路",103,21,2017,南北,普通住宅,高层(共19层),毛坯,有
56.8,金科集美星辰,3室2厅2卫,6108,市中区－城西－汉安大道西段,93,17.04,2019,南北,普通住宅,高层(共26层),毛坯,有
63,江语丽府,3室2厅2卫,5917,资中县－资中城区－滨江东路399号,106.5,18.9,2015,南北,普通住宅,高层(共28层),毛坯,有
66.8,金山晶座,3室2厅1卫,7506,资中县－资中城区－滨江西路236号,89,20.04,2015,南北,普通住宅,中层(共29层),精装修,有
78.8,银杏家园,3室2厅2卫,6678,东兴区－月儿湾－兴隆路380号,118,23.64,2013,南北,普通住宅,高层(共28层),豪华装修,有
62.8,蓝色地中海,3室2厅1卫,7056,威远县－威远城区－罗家坝街,89,18.84,2016,南北,普通住宅,高层(共28层),精装修,有
63.8,雄飞国际新城,3室2厅1卫,6380,"威远县－威远城区－东风北路,近小河东路",100,19.14,2016,南北,普通住宅,低层(共28层),精装修,有
57.8,凤凰城,3室2厅1卫,7101,"资中县－资中城区－321国道,近资州大道",81.4,17.34,2013,南北,普通住宅,中层(共33层),精装修,有
56,昌建君悦府,3室2厅2卫,6022,市中区－城西－石羊大道北段,93,16.8,2018,南北,普通住宅,中层(共30层),毛坯,有
78.2,翡翠国际社区,3室2厅1卫,8937,东兴区－东兴－汉安大道西段927号,87.5,23.46,2014,南北,普通住宅,低层(共26层),精装修,有
57,凤凰城,3室2厅1卫,6951,"资中县－资中城区－321国道,近资州大道",82,17.1,2014,南,普通住宅,中层(共26层),精装修,有
72.8,西林盛景,3室2厅2卫,6222,东兴区－月儿湾－汉安大道376号,117,21.84,2012,南北,普通住宅,高层(共28层),精装修,有
56,昌建君悦府,3室2厅2卫,6022,市中区－城西－石羊大道北段,93,16.8,2018,南北,普通住宅,中层(共30层),毛坯,有
78.2,翡翠国际社区,3室2厅1卫,8937,东兴区－东兴－汉安大道西段927号,87.5,23.46,2014,南北,普通住宅,低层(共26层),精装修,有
57,凤凰城,3室2厅1卫,6951,"资中县－资中城区－321国道,近资州大道",82,17.1,2014,南,普通住宅,中层(共26层),精装修,有
95.8,西湖逸品,3室2厅1卫,9038,隆昌市－隆昌城区－隆华路一段51号,106,28.74,2017,东南,普通住宅,高层(共29层),精装修,有
70.8,加州蓝湾,3室2厅2卫,5446,东兴区－新六中－临江路548号,130,21.24,2010,南北,普通住宅,高层(共28层),精装修,有
79.6,邦泰国际社区御峰,3室2厅1卫,9256,东兴区－三湾路－双凤路,86,23.88,2016,南北,普通住宅,中层(共26层),精装修,有
57.8,金山晶座,3室2厅1卫,6061,资中县－资中城区－滨江西路236号,95.4,17.34,2014,南北,普通住宅,中层(共30层),毛坯,有
78,鸿通春天江与城,3室2厅2卫,9873,"东兴区－东兴－兰桂大道,近北环路",79,23.4,2016,南北,普通住宅,中层(共33层),精装修,有
69.8,现代国际,3室2厅2卫,7122,资中县－资中城区－资州大道南一段46号,98,20.94,2015,南北,普通住宅,低层(共29层),精装修,有
46.8,远达世纪城,3室2厅2卫,5258,资中县－资中城区－凤鸣路,89,14.04,2020,南北,普通住宅,中层(共25层),毛坯,有
54,金科集美星辰,3室2厅2卫,5684,市中区－城西－汉安大道西段,95,16.2,2019,南,普通住宅,中层(共23层),精装修,有
55.8,凤凰城,3室2厅2卫,5694,"资中县－资中城区－321国道,近资州大道",98,16.74,2014,南北,普通住宅,中层(共33层),毛坯,有
52.8,现代国际,3室2厅2卫,5913,资中县－资中城区－资州大道南一段46号,89.3,15.84,2015,南北,普通住宅,高层(共29层),毛坯,有
69.8,船城首座,3室2厅2卫,7822,资中县－资中城区－滨江西路,89.2,20.94,2015,南北,普通住宅,中层(共33层),精装修,有
69.3,传化广场锦城A区,3室2厅2卫,6300,东兴区－三湾路－汉安大道,110,20.79,2019,南北,普通住宅,高层(共29层),毛坯,有
55,甜城国际社区A区,3室2厅1卫,5851,市中区－城西－石羊大道北段,94,16.5,2019,南北,普通住宅,中层(共25层),毛坯,有
65.8,传化广场锦城A区,3室2厅1卫,7000,东兴区－三湾路－汉安大道,94,19.74,2020,南北,普通住宅,中层(共33层),毛坯,有
63.4,紫云府小区,3室2厅1卫,7279,隆昌市－隆昌城区－隆华西路,87.1,19.02,2016,南北,普通住宅,中层(共26层),毛坯,有
66.8,金山一品,3室2厅2卫,6614,"资中县－资中城区－资州大道,近抚琴街",101,20.04,2015,南北,普通住宅,低层(共29层),精装修,有
69.6,鸿通春天江与城,3室2厅1卫,9405,"东兴区－东兴－兰桂大道,近北环路",74,20.88,2017,南北,普通住宅,中层(共33层),豪华装修,有
61.8,凤凰城,3室2厅2卫,6274,"资中县－资中城区－321国道,近资州大道",98.5,18.54,2014,南北,普通住宅,中层(共31层),毛坯,有
57.8,凤凰城,3室2厅1卫,7101,"资中县－资中城区－321国道,近资州大道",81.4,17.34,2013,南北,普通住宅,中层(共33层),精装修,有
57.7,西城时代,3室2厅1卫,6481,市中区－城西－甜城大道505号,89,17.3,2019,南北,普通住宅,低层(共26层),精装修,有
62,城南1号东苑小区,3室2厅2卫,6764,资中县－资中城区－资州大道,91.7,18.6,2015,南北,普通住宅,低层(共28层),毛坯,有
70.8,汉安国际,3室2厅2卫,5950,东兴区－月儿湾－汉安大道西128号,119,21.24,2010,南北,普通住宅,高层(共28层),精装修,有
78,城南1号东苑小区,3室2厅2卫,8764,资中县－资中城区－资州大道,89,23.4,2016,南北,普通住宅,中层(共29层),精装修,有
56.8,凤凰城,3室2厅2卫,5914,"资中县－资中城区－321国道,近资州大道",96,17.04,2018,南北,普通住宅,高层(共26层),毛坯,有
70,恒大锦城,3室2厅2卫,6542,资中县－资中城区－凤祥中路,107,21,2019,南北,普通住宅,高层(共19层),精装修,有
41.8,凯利融城,3室2厅1卫,4297,资中县－资中城区－资州大道269号,97.3,12.54,2019,南北,普通住宅,高层(共25层),毛坯,有
81.8,海棠雅居,3室2厅2卫,9738,东兴区－月儿湾－大千路869号,84,24.54,2010,南北,普通住宅,中层(共25层),精装修,有
65,万达中央华城2期,3室2厅2卫,7303,东兴区－东兴－栖霞路599号,89,19.5,2015,南北,普通住宅,中层(共30层),毛坯,有
52.8,凤凰城,3室2厅2卫,5722,"资中县－资中城区－321国道,近资州大道",92.3,15.84,2014,南北,普通住宅,低层(共25层),毛坯,有
49.8,甜城国际社区A区,3室2厅1卫,5242,市中区－城西－石羊大道北段,95,14.94,2019,南北,普通住宅,中层(共25层),毛坯,有
79.8,邦泰国际公馆(东区),3室2厅1卫,8769,"东兴区－新六中－大千路,近北环路",91,23.94,2012,南北,普通住宅,中层(共32层),精装修,有
58.8,金科集美天宸,3室2厅2卫,5822,"市中区－城西－甜城大道,近汉渝大道",101,17.64,2019,南北,普通住宅,低层(共28层),毛坯,有
71.8,观岭国际社区,3室2厅1卫,7180,隆昌市－隆昌城区－环城南路三段415号,100,21.54,2017,南北,普通住宅,高层(共26层),精装修,有
70.8,花满庭,3室2厅2卫,5057,东兴区－新六中－汉安大道西380号,140,21.24,2010,南北,普通住宅,高层(共26层),精装修,有
69.8,凤凰城,3室2厅2卫,7587,"资中县－资中城区－321国道,近资州大道",92,20.94,2016,南北,普通住宅,低层(共28层),豪华装修,有
67.8,现代国际,3室2厅2卫,6848,资中县－资中城区－资州大道南一段46号,99,20.34,2017,南北,普通住宅,高层(共29层),精装修,有
73,江语丽府,3室2厅2卫,6635,资中县－资中城区－滨江东路399号,110,21.89,2014,南北,普通住宅,高层(共26层),精装修,有
45.5,传化广场锦园,3室2厅2卫,6319,东兴区－三湾路－汉安大道,72,13.65,2019,南北,公寓,中层(共26层),毛坯,有
66,金科翡翠公园,3室2厅2卫,6286,"东兴区－三湾路－321国道,近汉安大道",105,19.8,2019,南北,普通住宅,中层(共26层),毛坯,有
58,中铁城市中心,3室2厅2卫,6105,"资中县－资中城区－资州大道,近春岚北路",95,17.4,2014,南,普通住宅,高层(共29层),毛坯,有
63.8,海棠雅居,3室2厅2卫,7550,东兴区－月儿湾－大千路869号,84.5,19.14,2008,南北,普通住宅,低层(共25层),精装修,有
62.8,现代国际,3室2厅2卫,6299,资中县－资中城区－资州大道南一段46号,99.7,18.84,2011,南北,普通住宅,低层(共28层),精装修,有
57.8,凤凰城,3室2厅2卫,5898,"资中县－资中城区－321国道,近资州大道",98,17.34,2013,南北,普通住宅,中层(共33层),毛坯,有
72.6,观岭国际社区,3室2厅1卫,7642,隆昌市－隆昌城区－环城南路三段415号,95,21.78,2013,南,普通住宅,高层(共28层),精装修,有
79,世纪滨江二期,3室2厅2卫,6475,市中区－城西－团结街221号,122,23.7,2010,南北,普通住宅,中层(共32层),精装修,有
67.8,邦泰国际公馆(西区),3室2厅2卫,7451,东兴区－新六中－北环路888号,91,20.34,2016,南北,普通住宅,高层(共27层),毛坯,有
69.8,船城首座,3室2厅2卫,7843,资中县－资中城区－滨江西路,89,20.94,2015,南北,普通住宅,中层(共30层),精装修,有
64.8,海棠雅居,3室2厅2卫,7714,东兴区－月儿湾－大千路869号,84,19.44,2010,南北,普通住宅,低层(共24层),简单装修,有
65.6,万达中央华城2期,3室2厅2卫,7371,东兴区－东兴－栖霞路599号,89,19.68,2016,南北,普通住宅,中层(共32层),毛坯,有
68.8,现代国际,3室2厅2卫,7679,资中县－资中城区－资州大道南一段46号,89.6,20.64,2013,南北,普通住宅,低层(共29层),精装修,有
58.6,城南1号东苑小区,3室2厅2卫,6584,资中县－资中城区－资州大道,89,17.58,2017,南北,普通住宅,中层(共33层),精装修,有
56,现代国际,3室2厅2卫,5617,资中县－资中城区－资州大道南一段46号,99.7,16.8,2013,南北,普通住宅,高层(共28层),毛坯,有
63.8,船城首座,3室2厅2卫,7169,资中县－资中城区－滨江西路,89,19.14,2015,南北,普通住宅,低层(共26层),精装修,有
55.8,新华维港城,3室2厅2卫,5874,市中区－城西－石羊大道北段222号,95,16.74,2019,南北,普通住宅,高层(共25层),毛坯,有
69.8,凤凰城,3室2厅2卫,7587,"资中县－资中城区－321国道,近资州大道",92,20.94,2016,南北,普通住宅,低层(共28层),豪华装修,有
67.8,现代国际,3室2厅2卫,6848,资中县－资中城区－资州大道南一段46号,99,20.34,2013,南北,普通住宅,高层(共28层),精装修,有
53.8,昌建君悦府,3室2厅1卫,5785,市中区－城西－石羊大道北段,93,16.14,2019,南北,普通住宅,高层(共18层),毛坯,有
65.8,金山一品,3室2厅2卫,6515,"资中县－资中城区－资州大道,近抚琴街",101,19.74,2014,南北,普通住宅,低层(共28层),精装修,有
76.8,汉安天地,3室2厅2卫,7314,东兴区－新六中－汉安大道西段888号,105,23.04,2016,南北,普通住宅,中层(共32层),毛坯,有
57.8,凤凰城,3室2厅1卫,7225,"资中县－资中城区－321国道,近资州大道",80,17.34,2013,南北,普通住宅,中层(共26层),精装修,有
55.8,现代国际,3室2厅2卫,5597,资中县－资中城区－资州大道南一段46号,99.7,16.74,2013,南北,普通住宅,高层(共28层),毛坯,有
73.8,鸿通春天江与城,3室2厅1卫,6709,"东兴区－东兴－兰桂大道,近北环路",110,22.14,2015,南北,普通住宅,中层(共33层),精装修,有
68.8,金山国际,3室2厅2卫,5593,东兴区－新六中－晨望路8号,123,20.64,2007,南北,普通住宅,低层(共28层),精装修,有
78,江语丽府,3室2厅2卫,6341,资中县－资中城区－滨江东路399号,123,23.4,2014,南北,普通住宅,高层(共28层),毛坯,有
103,天成国际,3室2厅2卫,9626,东兴区－东兴－兴盛路东段485号,107,30.9,2016,南北,普通住宅,低层(共28层),精装修,有
62.8,金山一品,3室2厅2卫,6667,"资中县－资中城区－资州大道,近抚琴街",94.2,18.84,2014,南北,普通住宅,高层(共18层),精装修,有
57.8,凤凰城,3室2厅2卫,5898,"资中县－资中城区－321国道,近资州大道",98,17.34,2013,南北,普通住宅,中层(共33层),毛坯,有
61,城南1号东苑小区,3室2厅2卫,6655,资中县－资中城区－资州大道,91.7,18.3,2017,南北,普通住宅,低层(共28层),毛坯,有
59,上府国奥公馆,3室2厅2卫,5935,"资中县－资中城区－成渝上街,近321国道",99.4,17.7,2018,南北,普通住宅,高层(共26层),毛坯,有
82.8,邦泰国际社区御峰,3室2厅1卫,9628,东兴区－三湾路－双凤路,86,24.84,2017,南北,普通住宅,中层(共33层),精装修,有
60,财富国际,3室2厅1卫,6742,"资中县－资中城区－资州大道,近祥云街",89,18,2014,南北,普通住宅,高层(共28层),精装修,有
100,西湖逸品,3室2厅2卫,8772,隆昌市－隆昌城区－隆华路一段51号,114,30,2014,南北,普通住宅,低层(共27层),精装修,有
85,金科公园王府,3室2厅1卫,9884,"东兴区－新六中－大千路,近玉屏街",86,25.5,2013,南北,普通住宅,低层(共28层),精装修,有
68.8,现代国际,3室2厅2卫,7730,资中县－资中城区－资州大道南一段46号,89,20.64,2014,南北,普通住宅,中层(共29层),精装修,有
70.8,御都花园,4室2厅2卫,6436,资中县－资中城区－春岚北路,110,21.24,2018,南,普通住宅,低层(共26层),毛坯,有
75.6,蜀东丽府,4室2厅2卫,7200,"隆昌市－隆昌城区－白塔路,近隆泸大道",105,22.68,2010,南北,普通住宅,高层(共29层),精装修,有
54.8,万晟城华府,2室2厅1卫,6859,"东兴区－月儿湾－汉安大道,近321国道",79.9,16.44,2015,南北,普通住宅,低层(共28层),精装修,有
23.8,金色夏威夷,1室1厅1卫,4958,"资中县－资中城区－资州大道,近春岚北路",48,7.14,2016,南,普通住宅,低层(共28层),精装修,有
81.8,花满庭,4室2厅2卫,7175,东兴区－新六中－汉安大道西380号,114,24.54,2014,南北,普通住宅,低层(共26层),精装修,有
85.8,世纪滨江二期,4室2厅2卫,7559,市中区－城西－团结街221号,113.5,25.74,2014,南北,普通住宅,中层(共32层),精装修,有
42.8,凤凰城,2室2厅1卫,5668,"资中县－资中城区－321国道,近资州大道",75.5,12.84,2018,南北,普通住宅,低层(共28层),毛坯,有
88,时代晶座,4室2厅2卫,6354,资中县－资中城区－城南东大道,138.5,26.4,2011,南北,普通住宅,高层(共17层),精装修,有
65,浩盛甜城印象,4室2厅2卫,5000,"市中区－城西－甜城大道,近汉渝大道",130,19.5,2019,南北,普通住宅,中层(共25层),毛坯,有
29,英伦世家,2室1厅1卫,6304,"市中区－城西－内资路,汉渝大道",46,8.7,2012,南北,普通住宅,低层(共26层),精装修,有
43.6,嘉云庭,2室2厅1卫,5590,东兴区－三湾路－兴盛路东段520号,78,13.08,2018,南北,普通住宅,中层(共28层),毛坯,有
43.8,城东尚景,1室2厅1卫,6952,隆昌市－隆昌城区－成渝中路325号,63,13.14,2012,南北,普通住宅,高层(共27层),精装修,有
22.8,兆信中心,1室1厅1卫,5429,东兴区－新六中－汉安大道西段888号,42,6.84,2020,南北,普通住宅,中层(共30层),毛坯,有
48.8,大千豪庭,2室2厅1卫,7072,东兴区－月儿湾－眺洲路18号,69,14.64,2010,南北,普通住宅,高层(共27层),精装修,有
55.8,锦华都,2室2厅1卫,7440,东兴区－月儿湾－汉安大道东段888号,75,16.74,2015,南北,普通住宅,低层(共28层),精装修,有
38,苌弘丽景,2室2厅1卫,4967,"资中县－资中城区－苌弘路,平安大道",76.5,11.4,2012,南北,普通住宅,低层(共26层),毛坯,有
93.8,卢浮春天,4室2厅3卫,7444,东兴区－月儿湾－东兴大道1666号,126,28.14,2012,南北,普通住宅,低层(共24层),精装修,有
69,金山兰桂1号,2室2厅1卫,9218,东兴区－月儿湾－兰桂大道222号,74.9,20.7,2010,南北,普通住宅,高层(共28层),精装修,有
95.8,万达中央华城,4室2厅2卫,8119,东兴区－东兴周边－兰桂大道442号,118,28.74,2015,南,普通住宅,中层(共32层),豪华装修,有
49.6,大千华庭,2室2厅1卫,6200,东兴区－新六中－天河街8号,80,14.88,2012,南北,普通住宅,中层(共33层),精装修,有
61.6,星耀香颂湖,2室2厅1卫,8556,"东兴区－月儿湾－栖霞路,近清溪路",72,18.48,2014,南北,普通住宅,低层(共25层),精装修,有
68,翡翠国际社区,2室2厅1卫,8038,东兴区－东兴－汉安大道西段927号,84.6,20.4,2015,南北,普通住宅,低层(共28层),精装修,有
69.8,远达西城郡,2室2厅1卫,9484,隆昌市－隆昌城区－中山路二段69号,73.6,20.94,2015,南北,普通住宅,高层(共15层),精装修,无
51.8,江城花园,2室2厅1卫,6279,市中区－城西－江华街6号,82.5,15.54,2011,南北,普通住宅,中层(共28层),精装修,有
76,南亚风情,4室2厅2卫,7525,东兴区－月儿湾－兴盛路768号,101,22.8,2013,南北,普通住宅,高层(共29层),精装修,有
138,西湖郦景,2室2厅2卫,12545,"隆昌市－隆昌城区－隆华路,近万隆路",110,41.4,2014,南北,普通住宅,低层(共28层),精装修,有
66,北关新城和坊,2室2厅1卫,8049,隆昌市－隆昌城区－大北街121号,82,19.8,2010,南,普通住宅,中层(共25层),精装修,无
86,时代晶座,4室2厅2卫,6209,资中县－资中城区－城南东大道,138.5,25.8,2015,南北,普通住宅,高层(共17层),精装修,有
84.8,花满庭,4室2厅2卫,7374,东兴区－新六中－汉安大道西380号,115,25.44,2012,南,普通住宅,低层(共25层),豪华装修,有
64.8,嘉和宽庭,2室2厅1卫,8100,隆昌市－隆昌城区－古宇路261号,80,19.44,2015,南北,普通住宅,中层(共29层),精装修,有
52.8,银桦壹号,2室2厅1卫,6069,威远县－威远城区－二环路,87,15.84,2013,南北,普通住宅,高层(共18层),精装修,有
62,财富国际,4室2厅2卫,5709,"资中县－资中城区－资州大道,近祥云街",108.6,18.6,2015,南北,普通住宅,高层(共29层),毛坯,有
71.8,嘉云庭,4室2厅2卫,7978,东兴区－三湾路－兴盛路东段520号,90,21.54,2018,南北,普通住宅,中层(共32层),豪华装修,有
72.6,西湖国际,2室2厅1卫,8631,"隆昌市－隆昌城区－环城南路,近万隆路",84.1,21.78,2015,南北,普通住宅,中层(共30层),精装修,有
64.8,西林盛景,2室2厅1卫,7855,东兴区－月儿湾－汉安大道376号,82.5,19.44,2010,南北,普通住宅,中层(共26层),精装修,有
38.8,上海花园,2室1厅1卫,6467,东兴区－月儿湾－中兴路,60,11.64,2014,南北,普通住宅,中层(共28层),精装修,有
86.8,凯利翡翠园2期,4室2厅3卫,8594,资中县－资中城区－春岚北路,101,26.04,2019,南北,普通住宅,高层(共16层),精装修,有
76,昌建君悦府,4室2厅2卫,6080,市中区－城西－石羊大道北段,125,22.8,2020,南北,普通住宅,中层(共32层),毛坯,有
61.8,雄飞国际新城,4室2厅2卫,4944,"威远县－威远城区－东风北路,近小河东路",125,18.54,2017,西北,普通住宅,中层(共31层),毛坯,有
56.8,中铁城市中心,2室2厅1卫,7645,"资中县－资中城区－资州大道,近春岚北路",74.3,17.04,2014,南北,普通住宅,低层(共29层),精装修,有
70,中铁城市中心,3室2厅2卫,6796,"资中县－资中城区－资州大道,近春岚北路",103,21,2015,南北,普通住宅,高层(共19层),毛坯,有
42.8,凤凰城,2室2厅1卫,5669,"资中县－资中城区－321国道,近资州大道",75.5,12.84,2016,南北,普通住宅,低层(共29层),精装修,有
62,城南1号东苑小区,3室2厅2卫,6764,资中县－资中城区－资州大道,91.7,18.6,2016,南北,普通住宅,低层(共28层),毛坯,有
61.6,星耀香颂湖,2室2厅1卫,8556,"东兴区－月儿湾－栖霞路,近清溪路",72,18.48,2014,南北,普通住宅,低层(共25层),精装修,有
68,翡翠国际社区,2室2厅1卫,8038,东兴区－东兴－汉安大道西段927号,84.6,20.4,2015,南北,普通住宅,低层(共28层),精装修,有
69.8,远达西城郡,2室2厅1卫,9484,隆昌市－隆昌城区－中山路二段69号,73.6,20.94,2015,南北,普通住宅,高层(共15层),精装修,无
51.8,江城花园,2室2厅1卫,6279,市中区－城西－江华街6号,82.5,15.54,2011,南北,普通住宅,中层(共28层),精装修,有
76,南亚风情,4室2厅2卫,7525,东兴区－月儿湾－兴盛路768号,101,22.8,2013,南北,普通住宅,高层(共29层),精装修,有
138,西湖郦景,2室2厅2卫,12545,"隆昌市－隆昌城区－隆华路,近万隆路",110,41.4,2014,南北,普通住宅,低层(共28层),精装修,有
66,北关新城和坊,2室2厅1卫,8049,隆昌市－隆昌城区－大北街121号,82,19.8,2010,南,普通住宅,中层(共25层),精装修,无
86,时代晶座,4室2厅2卫,6209,资中县－资中城区－城南东大道,138.5,25.8,2015,南北,普通住宅,高层(共17层),精装修,有
84.8,花满庭,4室2厅2卫,7374,东兴区－新六中－汉安大道西380号,115,25.44,2012,南,普通住宅,低层(共25层),豪华装修,有
64.8,嘉和宽庭,2室2厅1卫,8100,隆昌市－隆昌城区－古宇路261号,80,19.44,2015,南北,普通住宅,中层(共29层),精装修,有
52.8,银桦壹号,2室2厅1卫,6069,威远县－威远城区－二环路,87,15.84,2013,南北,普通住宅,高层(共18层),精装修,有
62,财富国际,4室2厅2卫,5709,"资中县－资中城区－资州大道,近祥云街",108.6,18.6,2015,南北,普通住宅,高层(共29层),毛坯,有
71.8,嘉云庭,4室2厅2卫,7978,东兴区－三湾路－兴盛路东段520号,90,21.54,2018,南北,普通住宅,中层(共32层),豪华装修,有
72.6,西湖国际,2室2厅1卫,8631,"隆昌市－隆昌城区－环城南路,近万隆路",84.1,21.78,2015,南北,普通住宅,中层(共30层),精装修,有
64.8,西林盛景,2室2厅1卫,7855,东兴区－月儿湾－汉安大道376号,82.5,19.44,2010,南北,普通住宅,中层(共26层),精装修,有
38.8,上海花园,2室1厅1卫,6467,东兴区－月儿湾－中兴路,60,11.64,2014,南北,普通住宅,中层(共28层),精装修,有
86.8,凯利翡翠园2期,4室2厅3卫,8594,资中县－资中城区－春岚北路,101,26.04,2019,南北,普通住宅,高层(共16层),精装修,有
76,昌建君悦府,4室2厅2卫,6080,市中区－城西－石羊大道北段,125,22.8,2020,南北,普通住宅,中层(共32层),毛坯,有
83.2,花满庭,4室2厅2卫,6209,东兴区－新六中－汉安大道西380号,134,24.96,2012,南北,普通住宅,低层(共26层),精装修,有
61.8,雄飞国际新城,4室2厅2卫,4944,"威远县－威远城区－东风北路,近小河东路",125,18.54,2017,西北,普通住宅,中层(共31层),毛坯,有
56.8,中铁城市中心,2室2厅1卫,7645,"资中县－资中城区－资州大道,近春岚北路",74.3,17.04,2014,南北,普通住宅,低层(共29层),精装修,有
88.8,中铁城市中心,4室2厅2卫,7039,"资中县－资中城区－资州大道,近春岚北路",126.2,26.64,2015,南北,普通住宅,中层(共31层),毛坯,有
51,凯利融城,2室2厅1卫,6381,资中县－资中城区－资州大道269号,79.9,15.3,2013,南北,普通住宅,高层(共18层),精装修,有
46.8,英伦世家,2室2厅1卫,6078,"市中区－城西－内资路,汉渝大道",77,14.04,2016,南北,普通住宅,低层(共28层),精装修,有
65,世纪滨江一期,2室2厅1卫,6915,市中区－城西－团结街29号,94,19.5,2010,南北,普通住宅,中层(共26层),精装修,有
56.8,邦泰铂仕公馆,2室2厅1卫,10357,东兴区－三湾路－兰桂大道,54.8,17.04,2016,南北,普通住宅,高层(共26层),精装修,有
24.8,英伦世家,2室1厅1卫,5905,"市中区－城西－内资路,汉渝大道",42,7.44,2015,南北,普通住宅,高层(共25层),精装修,有
49.9,春江明珠,2室2厅1卫,5736,隆昌市－隆昌城区－交通路,87,14.97,2019,南,普通住宅,中层(共28层),毛坯,无
63.8,创宇春天花城,4室2厅2卫,5500,威远县－威远城区－东风北路,116,19.14,2019,东,普通住宅,高层(共28层),毛坯,有
65.8,中华园,4室2厅2卫,6589,资中县－资中城区－资州大道,99.9,19.74,2013,南北,普通住宅,低层(共28层),精装修,有
43,城东世纪城,2室2厅1卫,5972,隆昌市－隆昌城区－成渝北路东街76号,72,12.9,2010,南北,普通住宅,低层(共28层),简单装修,有
54.8,万晟城华府,2室2厅1卫,6859,"东兴区－月儿湾－汉安大道,近321国道",79.9,16.44,2015,南北,普通住宅,低层(共28层),精装修,有
66.8,观岭国际社区,2室2厅1卫,7506,隆昌市－隆昌城区－环城南路三段415号,89,20.04,2017,南北,普通住宅,高层(共26层),精装修,有
22.8,英伦世家,1室1厅1卫,6162,"市中区－城西－内资路,汉渝大道",37,6.84,2016,南北,普通住宅,高层(共28层),精装修,有
49.8,甜城国际社区A区,2室2厅1卫,6917,市中区－城西－石羊大道北段,72,14.94,2018,南北,普通住宅,中层(共25层),精装修,有
38,少公馆,1室1厅1卫,6667,东兴区－新六中－西林大道309号,57,11.4,2012,南北,普通住宅,低层(共24层),简单装修,无
63,西林盛景,2室2厅1卫,7646,东兴区－月儿湾－汉安大道376号,82.4,18.9,2007,南北,普通住宅,中层(共25层),精装修,有
78.9,南亚风情,4室2厅2卫,7735,东兴区－月儿湾－兴盛路768号,102,23.67,2013,南北,普通住宅,高层(共29层),精装修,有
38,荣威尚景,2室2厅1卫,5196,"威远县－威远城区－二环路,近顺城街",73.1,11.4,2016,南北,普通住宅,低层(共28层),精装修,有
58.8,汇宇一品,2室2厅1卫,7171,东兴区－新六中－汉安大道西段1087号,82,17.64,2013,东,普通住宅,低层(共25层),精装修,无
90.6,卢浮春天,4室2厅3卫,10897,东兴区－月儿湾－东兴大道1666号,83.1,27.18,2012,南北,普通住宅,低层(共24层),精装修,有
22,兆信中心,1室1厅1卫,5116,东兴区－新六中－汉安大道西段888号,43,6.6,2019,南北,公寓,中层(共32层),毛坯,有
78.8,嘉云庭,4室2厅2卫,7164,东兴区－三湾路－兴盛路东段520号,110,23.64,2016,东南,普通住宅,中层(共30层),精装修,有
33.8,荷枫水岸,1室1厅1卫,8335,市中区－城西－沿江路310号,40.6,10.14,2015,南北,普通住宅,低层(共28层),精装修,有
44.6,揽景苑,2室1厅1卫,7125,市中区－城西－新华路东2巷26号,62.6,13.38,2012,南北,普通住宅,高层(共18层),精装修,有
55.8,邦泰国际公馆(东区),2室2厅1卫,9458,"东兴区－新六中－大千路,近北环路",59,16.74,2015,南北,普通住宅,高层(共28层),精装修,有
52.8,西雅图金山城,2室2厅1卫,6175,东兴区－新六中－东兴大道1668号,85.5,15.84,2012,南,普通住宅,中层(共33层),简单装修,无
52.8,万晟城华府,2室2厅1卫,6680,"东兴区－月儿湾－汉安大道,近321国道",79,15.84,2017,南北,普通住宅,中层(共33层),毛坯,有
64.5,北晟名都,2室2厅1卫,7771,隆昌市－隆昌城区－大北街2段16号,83,19.35,2018,南北,普通住宅,高层(共29层),精装修,有
49.8,万晟城华府,2室2厅1卫,6225,"东兴区－月儿湾－汉安大道,近321国道",80,14.94,2018,南北,普通住宅,中层(共30层),毛坯,有
46.8,公园御景,2室2厅1卫,6985,市中区－城西－公园街458号,67,14.04,2010,南北,普通住宅,中层(共27层),精装修,有
55.8,汉安国际,2室2厅1卫,6414,东兴区－月儿湾－汉安大道西128号,87,16.74,2012,南北,普通住宅,中层(共28层),精装修,有
66.8,现代国际,4室2厅2卫,5658,资中县－资中城区－资州大道南一段46号,118.1,20.04,2014,南北,普通住宅,中层(共32层),毛坯,有
75.8,嘉云庭,4室2厅2卫,8499,东兴区－三湾路－兴盛路东段520号,89.2,22.74,2016,南北,普通住宅,中层(共33层),精装修,有
78.2,金色夏威夷(东兴),4室2厅2卫,8146,东兴区－新六中－汉安大道西917号,96,23.46,2014,南北,普通住宅,低层(共28层),精装修,有
64.6,北晟名都,2室2厅1卫,7783,隆昌市－隆昌城区－大北街2段16号,83,19.38,2018,南,普通住宅,高层(共29层),精装修,有
44.8,公园御景,2室2厅1卫,6687,市中区－城西－公园街458号,67,13.44,2015,南,普通住宅,中层(共26层),精装修,有
62,财富国际,4室2厅2卫,5709,"资中县－资中城区－资州大道,近祥云街",108.6,18.6,2015,南,普通住宅,高层(共29层),毛坯,有
83.8,花满庭,4室2厅2卫,5587,东兴区－新六中－汉安大道西380号,150,25.14,2012,南北,普通住宅,低层(共26层),精装修,有
79.8,南亚风情,4室2厅2卫,7189,东兴区－月儿湾－兴盛路768号,111,23.94,2010,南北,普通住宅,高层(共29层),精装修,有
62,财富国际,4室2厅2卫,5709,"资中县－资中城区－资州大道,近祥云街",108.6,18.6,2015,南,普通住宅,高层(共29层),毛坯,有
83.8,花满庭,4室2厅2卫,5587,东兴区－新六中－汉安大道西380号,150,25.14,2012,南北,普通住宅,低层(共26层),精装修,有
72.8,西湖国际,2室2厅1卫,8878,"隆昌市－隆昌城区－环城南路,近万隆路",82,21.84,2017,南北,普通住宅,中层(共30层),精装修,有
76.8,嘉云庭,4室2厅2卫,8613,东兴区－三湾路－兴盛路东段520号,89.2,23.04,2014,南北,普通住宅,中层(共33层),精装修,有
63.8,西林盛景,2室2厅1卫,7595,东兴区－月儿湾－汉安大道376号,84,19.14,2012,南北,普通住宅,中层(共26层),精装修,有
51.8,江语丽府,2室2厅1卫,5851,资中县－资中城区－滨江东路399号,88.5,15.54,2016,南北,普通住宅,中层(共26层),毛坯,有
65,北关新城和坊,2室2厅1卫,7927,隆昌市－隆昌城区－大北街121号,82,19.5,2013,南北,普通住宅,中层(共28层),精装修,无
66.8,北晟名都,2室2厅1卫,7952,隆昌市－隆昌城区－大北街2段16号,84,20.04,2017,南北,普通住宅,高层(共29层),精装修,有
58,世纪滨江一期,2室2厅1卫,6170,市中区－城西－团结街29号,94,17.4,2013,南北,普通住宅,中层(共26层),精装修,有
56.8,中铁城市中心,2室2厅1卫,7645,"资中县－资中城区－资州大道,近春岚北路",74.3,17.04,2015,南北,普通住宅,低层(共29层),精装修,有
62.8,内江万达广场,2室2厅1卫,8156,"东兴区－东兴－汉安大道,近兰桂大道",77,18.84,2012,南北,普通住宅,中层(共33层),精装修,无
93.8,卢浮春天,4室2厅3卫,11167,东兴区－月儿湾－东兴大道1666号,84,28.14,2013,南北,普通住宅,低层(共26层),精装修,有
95.8,卢浮春天,4室2厅2卫,11512,东兴区－月儿湾－东兴大道1666号,83.2,28.74,2011,南北,普通住宅,低层(共24层),豪华装修,有
50.8,江城花园,2室2厅1卫,6176,市中区－城西－江华街6号,82.3,15.24,2001,东西,普通住宅,中层(共28层),精装修,有
46.8,中铁城市中心,2室2厅1卫,6411,"资中县－资中城区－资州大道,近春岚北路",73,14.04,2015,南北,普通住宅,高层(共24层),毛坯,有
44.8,凤凰城,2室2厅1卫,5895,"资中县－资中城区－321国道,近资州大道",76,13.44,2015,南北,普通住宅,低层(共26层),毛坯,有
83.8,花满庭,4室2厅2卫,7351,东兴区－新六中－汉安大道西380号,114,25.14,2013,南北,普通住宅,低层(共26层),精装修,有
50.8,江城花园,2室2厅1卫,6120,市中区－城西－江华街6号,83,15.24,2012,南北,普通住宅,中层(共26层),精装修,有
82,西湖国际,2室2厅1卫,10000,"隆昌市－隆昌城区－环城南路,近万隆路",82,24.6,2015,南北,普通住宅,中层(共30层),精装修,有
45.6,金科集美星辰,2室2厅1卫,6333,市中区－城西－汉安大道西段,72,13.68,2019,南北,普通住宅,中层(共23层),毛坯,有
96.8,卢浮春天,4室2厅2卫,10000,东兴区－月儿湾－东兴大道1666号,96.8,29.04,2013,南北,普通住宅,高层(共18层),精装修,有
64.8,中华园,4室2厅2卫,6480,资中县－资中城区－资州大道,100,19.44,2013,南北,普通住宅,低层(共28层),精装修,有
89.6,卢浮春天,4室2厅3卫,10795,东兴区－月儿湾－东兴大道1666号,83,26.88,2010,西南,普通住宅,低层(共26层),精装修,有
66.8,现代国际,4室2厅2卫,5658,资中县－资中城区－资州大道南一段46号,118.1,20.04,2013,东,普通住宅,中层(共33层),毛坯,有
70.6,翡翠国际社区,2室2厅1卫,8506,东兴区－东兴－汉安大道西段927号,83,21.18,2015,南北,普通住宅,低层(共28层),精装修,无
78,花满庭,5室1厅1卫,6842,东兴区－新六中－汉安大道西380号,114,23.4,2011,南北,普通住宅,低层(共25层),精装修,有
49.8,翡翠国际社区,2室2厅1卫,9363,东兴区－东兴－汉安大道西段927号,53.2,14.94,2013,南北,普通住宅,中层(共26层),精装修,有
55,江语丽府,2室1厅1卫,6548,资中县－资中城区－滨江东路399号,84,16.5,2014,南北,普通住宅,高层(共26层),精装修,有
50.8,江城花园,2室2厅1卫,6176,市中区－城西－江华街6号,82.3,15.24,2012,南北,普通住宅,中层(共25层),精装修,有
49.8,邦泰国际社区,2室2厅1卫,6917,东兴区－月儿湾－兰桂大道,72,14.94,2018,南北,普通住宅,高层(共28层),毛坯,有
59.6,西林盛景,2室2厅1卫,7230,东兴区－月儿湾－汉安大道376号,82.4,17.87,2009,南北,普通住宅,中层(共24层),精装修,有
51.8,江城花园,2室2厅1卫,6298,市中区－城西－江华街6号,82.3,15.54,2013,南北,普通住宅,中层(共24层),精装修,有
112,翡翠国际社区,4室2厅2卫,9825,东兴区－东兴－汉安大道西段927号,114,33.6,2015,南北,普通住宅,中层(共28层),精装修,无
41.8,凤凰城,2室2厅1卫,5500,"资中县－资中城区－321国道,近资州大道",76,12.54,2013,南北,普通住宅,低层(共26层),精装修,有
59.8,邦泰铂仕公馆,2室2厅1卫,10904,东兴区－三湾路－兰桂大道,54.8,17.94,2016,南北,普通住宅,高层(共26层),精装修,有
56.8,邦泰国际公馆(东区),2室2厅1卫,8875,"东兴区－新六中－大千路,近北环路",64,17.04,2017,南北,普通住宅,低层(共28层),精装修,有
82,汉安天地,4室2厅2卫,9880,东兴区－新六中－汉安大道西段888号,83,24.6,2012,南北,普通住宅,中层(共32层),精装修,有
62,财富国际,4室2厅2卫,5688,"资中县－资中城区－资州大道,近祥云街",109,18.6,2013,南北,普通住宅,高层(共29层),精装修,有
113,翡翠国际社区,4室2厅2卫,8828,东兴区－东兴－汉安大道西段927号,128,33.9,2015,南北,普通住宅,中层(共28层),精装修,有
38,苌弘丽景,2室2厅1卫,4967,"资中县－资中城区－苌弘路,平安大道",76.5,11.4,2010,南北,普通住宅,低层(共26层),简单装修,有
43.9,甜城国际社区B区,2室2厅1卫,6218,市中区－城西－南鞍路,70.6,13.17,2019,南北,普通住宅,中层(共26层),毛坯,有
59.8,邦泰国际公馆(东区),2室2厅1卫,8543,"东兴区－新六中－大千路,近北环路",70,17.94,2017,南北,普通住宅,低层(共29层),精装修,有
43.8,凤凰城,2室2厅1卫,6041,"资中县－资中城区－321国道,近资州大道",72.5,13.14,2013,南北,普通住宅,高层(共26层),毛坯,有
65.8,中华园,4室2厅2卫,6589,资中县－资中城区－资州大道,99.9,19.74,2015,南北,普通住宅,低层(共28层),精装修,有
50.8,江城花园,2室2厅1卫,6120,市中区－城西－江华街6号,83,15.24,2012,南北,普通住宅,中层(共28层),精装修,有
78.8,江语丽府,2室2厅1卫,7904,资中县－资中城区－滨江东路399号,99.7,23.64,2015,南北,普通住宅,高层(共28层),豪华装修,有
66,汉安天地,4室2厅2卫,7857,东兴区－新六中－汉安大道西段888号,84,19.8,2015,南北,普通住宅,高层(共24层),毛坯,有
64.8,邦泰铂仕公馆,2室2厅1卫,8526,东兴区－三湾路－兰桂大道,76,19.44,2016,南北,普通住宅,中层(共33层),精装修,有
45.8,公园御景,2室2厅1卫,6836,市中区－城西－公园街458号,67,13.74,2015,南北,普通住宅,中层(共28层),精装修,有
53.6,万晟城峰阁,2室2厅1卫,8121,东兴区－三湾路－汉安大道东段111号,66,16.08,2016,北,普通住宅,高层(共27层),精装修,有
56.8,上府国奥公馆,4室2厅2卫,5714,"资中县－资中城区－成渝上街,近321国道",99.4,17.04,2018,南北,普通住宅,高层(共26层),毛坯,有
43.8,金科集美星辰,2室2厅1卫,6083,市中区－城西－汉安大道西段,72,13.14,2019,南,普通住宅,中层(共26层),毛坯,有
42,甜城国际社区A区,2室2厅1卫,5833,市中区－城西－石羊大道北段,72,12.6,2019,南北,普通住宅,中层(共25层),毛坯,有
180,四季康城,3室2厅3卫,10000,"东兴区－新六中－栖霞路,近北环路",180,54,2019,南北,别墅,共4层,毛坯,无
48,中铁城市中心,2室2厅1卫,6575,"资中县－资中城区－资州大道,近春岚北路",73,14.4,2015,南北,普通住宅,高层(共24层),毛坯,有
56.8,邦泰国际公馆(东区),2室2厅1卫,8875,"东兴区－新六中－大千路,近北环路",64,17.04,2017,南北,普通住宅,低层(共28层),精装修,有
44.8,凤凰城,2室2厅1卫,5919,"资中县－资中城区－321国道,近资州大道",75.7,13.44,2014,南北,普通住宅,低层(共26层),毛坯,有
56.8,邦泰铂仕公馆,2室2厅1卫,10327,东兴区－三湾路－兰桂大道,55,17.04,2018,南北,普通住宅,高层(共26层),精装修,有
62,财富国际,4室2厅2卫,5709,"资中县－资中城区－资州大道,近祥云街",108.6,18.6,2013,南北,普通住宅,高层(共29层),毛坯,有
46.8,翡翠国际社区,2室2厅1卫,8830,东兴区－东兴－汉安大道西段927号,53,14.04,2015,南北,普通住宅,中层(共28层),精装修,有
43.8,金科集美星辰,2室2厅1卫,6083,市中区－城西－汉安大道西段,72,13.14,2019,南,普通住宅,中层(共26层),毛坯,有
42,甜城国际社区A区,2室2厅1卫,5833,市中区－城西－石羊大道北段,72,12.6,2019,南北,普通住宅,中层(共25层),毛坯,有
180,四季康城,3室2厅3卫,10000,"东兴区－新六中－栖霞路,近北环路",180,54,2019,南北,别墅,共4层,毛坯,无
49.6,人民医院家属院,3室2厅2卫,3906,隆昌市－隆昌城区－隆泸大道254号,127,14.88,2001,南,普通住宅,中层(共7层),精装修,无
38.8,农业局宿舍,3室2厅1卫,3660,资中县－资中城区－花圃街202号,106,11.64,1998,南北,普通住宅,中层(共7层),精装修,无
50,人民医院家属院,3室2厅1卫,5056,隆昌市－隆昌城区－隆泸大道254号,98.9,15,2000,南北,普通住宅,低层(共7层),精装修,无
78.8,御都花园,3室2厅2卫,7577,资中县－资中城区－春岚北路,104,23.64,2015,南北,普通住宅,低层(共33层),精装修,有
65,人民医院家属院,3室2厅1卫,5909,隆昌市－隆昌城区－隆泸大道254号,110,19.5,2006,南北,普通住宅,高层(共12层),精装修,有
47.8,人民医院家属院,3室2厅1卫,4780,隆昌市－隆昌城区－隆泸大道254号,100,14.34,2000,南,普通住宅,中层(共7层),简单装修,无
46,人民医院家属院,3室2厅1卫,4600,隆昌市－隆昌城区－隆泸大道254号,100,13.8,1990,南北,普通住宅,中层(共7层),精装修,无
56,人民医院家属院,3室2厅2卫,4828,隆昌市－隆昌城区－隆泸大道254号,116,16.8,2009,南,普通住宅,高层(共7层),精装修,有
40.8,农业局宿舍,3室2厅1卫,3778,资中县－资中城区－花圃街202号,108,12.24,2010,南北,普通住宅,低层(共8层),精装修,无
38.8,农业局宿舍,3室2厅1卫,3660,资中县－资中城区－花圃街202号,106,11.64,2001,南北,普通住宅,中层(共7层),精装修,无
59.8,和喜御景台,3室2厅2卫,6165,"市中区－城西－甜城大道中段,近安居街",97,17.94,2019,南北,普通住宅,低层(共11层),毛坯,有
68.8,邦泰颐和上院,3室2厅2卫,7167,"东兴区－三湾路－兰桂大道,近双凤路",96,20.64,2019,南北,普通住宅,中层(共10层),毛坯,有
39.8,农业局宿舍,3室2厅1卫,3685,资中县－资中城区－花圃街202号,108,11.94,2000,南北,普通住宅,低层(共8层),精装修,无
58.8,广场花园,3室2厅2卫,4594,资中县－资中城区－东干道东376号,128,17.64,2008,南北,普通住宅,中层(共7层),简单装修,无
57,金山晶座,3室2厅2卫,6357,资中县－资中城区－滨江西路236号,89.7,17.1,2015,南北,普通住宅,中层(共30层),精装修,有
59.8,玉都花园B区,3室2厅1卫,5436,东兴区－月儿湾－兴盛路390号,110,17.94,2009,南北,普通住宅,中层(共6层),精装修,无
45.8,兴隆小区二期,3室2厅1卫,5388,"东兴区－三湾路－五星路,近兴隆路",85,13.74,2014,南北,普通住宅,低层(共6层),精装修,无
50,万为江南里,3室2厅2卫,5618,市中区－市中周边－石羊大道2388号,89,15,2020,南北,普通住宅,中层(共18层),毛坯,有
49.8,月亮街31号院,3室2厅1卫,4743,东兴区－月儿湾－月亮街31号,105,14.94,2003,南北,普通住宅,高层(共7层),精装修,无
33.8,花间集,3室2厅1卫,4630,隆昌市－隆昌城区－成渝中路373号,73,10.14,2001,东南,普通住宅,中层(共8层),精装修,无
56,百庆小区,3室2厅1卫,5185,隆昌市－隆昌城区－康复中路603号,108,16.8,1999,南北,普通住宅,低层(共7层),精装修,无
74.8,凯利翡翠园,3室2厅2卫,7446,"资中县－资中城区－和鸣大道,近东大道二段",100.5,22.44,2014,南北,普通住宅,低层(共11层),精装修,有
56.8,兴隆小区二期,3室2厅1卫,5979,"东兴区－三湾路－五星路,近兴隆路",95,17.04,2010,南北,普通住宅,中层(共6层),精装修,无
97.8,远达西城郡,3室2厅2卫,8288,隆昌市－隆昌城区－中山路二段69号,118,29.34,2018,南北,普通住宅,高层(共10层),毛坯,有
41.8,锦州佳苑,3室2厅1卫,4180,资中县－资中城区－成渝上街209号附57号,100,12.54,2004,南北,普通住宅,低层(共23层),精装修,无
55,公安局宿舍,3室2厅1卫,5189,"东兴区－新六中－西林大道,近兴盛路西段",106,16.5,2006,南,普通住宅,中层(共6层),精装修,无
47.8,金元亨小区,3室2厅1卫,4928,隆昌市－隆昌城区－春光路10号,97,14.34,2005,南北,普通住宅,高层(共7层),精装修,无
46.8,中心街327号院,3室2厅1卫,4727,隆昌市－隆昌城区－中心街327号,99,14.04,2002,南北,普通住宅,高层(共6层),精装修,无
28.8,黄家湾小区,3室2厅1卫,3120,市中区－城西－松山南路,92.3,8.64,2000,南北,普通住宅,高层(共7层),简单装修,无
65.8,现代国际,3室2厅1卫,6883,资中县－资中城区－资州大道南一段46号,95.6,19.74,2013,南北,普通住宅,中层(共33层),精装修,有
60.8,南亚风情,3室2厅2卫,2909,东兴区－月儿湾－兴盛路768号,209,18.24,2013,南北,普通住宅,高层(共6层),精装修,无
52.8,广汇花园,3室2厅1卫,5867,东兴区－东兴周边－兴隆路308号,90,15.84,2012,南北,普通住宅,高层(共9层),精装修,有
59,广场花园,3室2厅2卫,4609,资中县－资中城区－东干道东376号,128,17.7,2012,南北,普通住宅,高层(共7层),精装修,无
98.8,西湖郦景,3室2厅2卫,8233,"隆昌市－隆昌城区－隆华路,近万隆路",120,29.64,2018,南,普通住宅,低层(共30层),精装修,有
47.6,桐梓小区,3室2厅1卫,5950,东兴区－月儿湾－大千路299号,80,14.28,2006,南北,普通住宅,高层(共6层),精装修,无
67.2,广汇城市花园,3室2厅2卫,5053,东兴区－月儿湾－三号路666号,133,20.16,2007,南北,普通住宅,低层(共6层),精装修,无
42.8,武陵小区,3室2厅2卫,3218,资中县－资中城区－武陵大道,133,12.84,2003,南北,普通住宅,高层(共7层),精装修,无
71.8,凤凰城,3室2厅2卫,7305,"资中县－资中城区－321国道,近资州大道",98.3,21.54,2014,南北,普通住宅,低层(共33层),精装修,有
39.8,人民医院家属院,3室2厅1卫,3980,隆昌市－隆昌城区－隆泸大道254号,100,11.94,2000,南北,普通住宅,高层(共7层),简单装修,无
89.8,金科公园王府,3室2厅2卫,9978,"东兴区－新六中－大千路,近玉屏街",90,26.94,2015,东南,普通住宅,高层(共33层),精装修,有
45.8,新华路东三巷30号院,3室2厅1卫,4771,市中区－城西－新华路东三巷30号,96,13.74,2001,南北,普通住宅,低层(共6层),精装修,无
99.6,隆城1号,3室2厅2卫,9577,"隆昌市－隆昌城区－人民中路,近中山路",104,29.88,2018,南北,普通住宅,低层(共31层),精装修,有
69.8,金山一品,3室2厅2卫,8780,"资中县－资中城区－资州大道,近抚琴街",79.5,20.94,2013,南北,普通住宅,高层(共33层),精装修,有
60.6,邦泰大观府,3室2厅1卫,7481,"东兴区－三湾路－双凤路,近兰桂大道",81,18.18,2019,南北,普通住宅,高层(共16层),毛坯,有
38,北城垣巷124号院,3室2厅1卫,4691,市中区－城西－北城垣巷124号,81,11.4,2000,南北,普通住宅,中层(共9层),精装修,无
68.8,金山晶座,3室2厅1卫,7818,资中县－资中城区－滨江西路236号,88,20.64,2015,东,普通住宅,低层(共30层),精装修,有
35,大洲广场社区第一小区,3室1厅1卫,5124,市中区－城西－民族路185号,68.3,10.5,1995,南北,普通住宅,中层(共8层),精装修,无
48,武陵小区,3室2厅2卫,3750,资中县－资中城区－武陵大道,128,14.4,2004,南北,普通住宅,中层(共8层),精装修,无
59,玉都花园A区,3室2厅2卫,4275,东兴区－新六中－兴盛路西段156号,138,17.7,2008,南北,普通住宅,低层(共6层),精装修,无
70.8,西城郡华庭,3室2厅2卫,7375,隆昌市－隆昌城区－自荣路,96,21.24,2017,南北,普通住宅,中层(共17层),毛坯,有
48.8,兴隆小区二期,3室2厅1卫,5083,"东兴区－三湾路－五星路,近兴隆路",96,14.64,2014,南北,普通住宅,高层(共6层),精装修,无
53.8,蜀阳花园,3室2厅2卫,6482,资中县－资中城区－桂花街188号,83,16.14,2012,南北,普通住宅,低层(共7层),精装修,无
36,和平街社区,3室2厅1卫,3944,市中区－城西－桊子路,91.3,10.8,1999,西北,普通住宅,中层(共7层),简单装修,无
41.8,明景苑,3室2厅2卫,3667,资中县－资中城区－城南东干道268号,114,12.54,2006,南北,普通住宅,高层(共6层),精装修,无
67.2,广汇城市花园,3室2厅2卫,5053,东兴区－月儿湾－三号路666号,133,20.16,2005,南北,普通住宅,低层(共7层),精装修,无
71.8,凤凰城,3室2厅2卫,7305,"资中县－资中城区－321国道,近资州大道",98.3,21.54,2014,南北,普通住宅,低层(共33层),精装修,有
67.2,广汇城市花园,3室2厅2卫,5053,东兴区－月儿湾－三号路666号,133,20.16,2008,南北,普通住宅,低层(共6层),精装修,无
47.6,桐梓小区,3室2厅1卫,5289,东兴区－月儿湾－大千路299号,90,14.28,2009,南北,普通住宅,中层(共8层),精装修,无
48.8,凯利融城,3室2厅1卫,6100,资中县－资中城区－资州大道269号,80,14.64,2011,南北,普通住宅,中层(共23层),精装修,有
75.6,嘉和宽庭,3室2厅1卫,8308,隆昌市－隆昌城区－古宇路261号,91,22.68,2012,南北,普通住宅,低层(共31层),精装修,有
63.8,凯利融城,3室2厅2卫,6135,资中县－资中城区－资州大道269号,104,19.14,2012,南北,普通住宅,中层(共18层),精装修,有
52,丽景苑,3室2厅2卫,4031,资中县－资中城区－郁春路17号,129,15.6,2009,南北,普通住宅,中层(共7层),精装修,无
62.8,船城首座,3室2厅2卫,7033,资中县－资中城区－滨江西路,89.3,18.84,2015,南北,普通住宅,高层(共33层),精装修,有
56.8,百庆小区,3室2厅1卫,5259,隆昌市－隆昌城区－康复中路603号,108,17.04,2000,南北,普通住宅,低层(共7层),精装修,无
57,鸿通春天公园城,3室2厅2卫,8507,市中区－城西－松山南路135号,67,17.1,2016,南北,普通住宅,低层(共33层),精装修,有
46.8,教育园区,3室2厅1卫,4105,隆昌市－隆昌城区－飞泉正街2号,114,14.04,2003,南北,普通住宅,高层(共7层),精装修,无
82,鸿通春天江与城,3室2厅2卫,11389,"东兴区－东兴－兰桂大道,近北环路",72,24.6,2016,东北,普通住宅,高层(共33层),精装修,有
60,锦绣花园,3室2厅2卫,6322,"资中县－资中城区－东大道南三巷,近桂花街",94.9,18,2012,南北,普通住宅,低层(共7层),精装修,无
46.8,东林新城,3室2厅1卫,4634,资中县－资中城区－东林路,101,14.04,2006,南北,普通住宅,中层(共7层),精装修,无
43,大西街133号院,3室2厅1卫,4023,市中区－城西－大西街133号,106.9,12.9,1999,南北,普通住宅,高层(共9层),简单装修,无
32.6,花间集,3室2厅1卫,3361,隆昌市－隆昌城区－成渝中路373号,97,9.78,2002,南,普通住宅,低层(共7层),简单装修,无
56.5,金山晶座,3室2厅2卫,6278,资中县－资中城区－滨江西路236号,90,16.95,2012,南北,普通住宅,中层(共30层),精装修,有
92.8,金科公园王府,3室2厅2卫,10277,"东兴区－新六中－大千路,近玉屏街",90.3,27.84,2015,南北,普通住宅,高层(共33层),精装修,有
66.8,西怡苑,3室2厅2卫,5567,隆昌市－隆昌城区－康复西路一段198号,120,20.04,2006,南北,普通住宅,高层(共6层),精装修,无
61.8,东林坝棚户区改造1期,3室2厅2卫,5150,资中县－资中城区－东林路653号,120,18.54,2014,东,普通住宅,中层(共32层),精装修,有
52.8,万为江南里,3室2厅2卫,5933,市中区－市中周边－石羊大道2388号,89,15.84,2020,南北,普通住宅,中层(共18层),毛坯,有
68.8,广汇花园二期,3室2厅2卫,5173,"东兴区－月儿湾－兴隆路,近206省道",133,20.64,2009,南北,普通住宅,低层(共6层),简单装修,无
48.6,和喜御南台,3室2厅2卫,5306,"资中县－资中城区－资州大道,近春岚北路",91.6,14.58,2020,南北,普通住宅,中层(共17层),毛坯,有
69,西浦观邸第一城,3室2厅2卫,7664,市中区－城西－甜城大道南段488号,90,20.69,2015,南北,普通住宅,低层(共33层),精装修,有
54.8,金科公园王府,3室2厅1卫,6447,"东兴区－新六中－大千路,近玉屏街",85,16.44,2018,南北,普通住宅,低层(共33层),毛坯,有
67.2,广汇城市花园,3室2厅2卫,5053,东兴区－月儿湾－三号路666号,133,20.16,2005,南北,普通住宅,低层(共6层),精装修,无
52.8,爱丁堡,3室2厅1卫,5558,威远县－威远城区－外北路,95,15.84,2015,南北,普通住宅,低层(共18层),精装修,有
77.8,花满庭,3室2厅2卫,8021,东兴区－新六中－汉安大道西380号,97,23.34,2014,南北,普通住宅,高层(共30层),精装修,有
106,紫云府小区,3室2厅2卫,10928,隆昌市－隆昌城区－隆华西路,97,31.8,2018,南北,普通住宅,低层(共32层),精装修,有
67.8,西怡苑,3室2厅2卫,5650,隆昌市－隆昌城区－康复西路一段198号,120,20.34,2005,南北,普通住宅,高层(共7层),精装修,无
63.8,元亨花园,3室2厅1卫,6076,隆昌市－隆昌城区－望城街46号,105,19.14,2001,南北,普通住宅,低层(共7层),精装修,无
66.8,西锦园,3室2厅2卫,6423,东兴区－月儿湾－兴隆路382号,104,20.04,2012,南北,普通住宅,低层(共6层),精装修,无
39.8,新华街一段32号院,3室2厅1卫,3980,隆昌市－隆昌城区－新华街一段32号,100,11.94,2000,南北,普通住宅,高层(共7层),简单装修,无
63.8,公路小区,3室2厅2卫,4987,隆昌市－隆昌城区－石油路23 ,127.9,19.14,2006,南北,普通住宅,高层(共7层),精装修,无
45.3,东林新城,3室2厅1卫,4483,资中县－资中城区－东林路,101,13.58,2005,南北,普通住宅,高层(共7层),精装修,无
60.8,南亚风情,3室2厅2卫,2909,东兴区－月儿湾－兴盛路768号,209,18.24,2010,南北,普通住宅,高层(共7层),精装修,无
61.8,二医院家属楼,3室2厅2卫,5291,威远县－威远城区－外北路262号,116.8,18.54,2019,南,普通住宅,中层(共33层),毛坯,有
48.8,苌弘丽景,3室2厅1卫,5304,"资中县－资中城区－苌弘路,平安大道",92,14.64,2012,南北,普通住宅,中层(共19层),毛坯,有
58.8,广场花园,3室2厅2卫,4567,资中县－资中城区－东干道东376号,128.8,17.64,2012,南北,普通住宅,中层(共7层),精装修,无
52.8,金山一品,3室2厅2卫,5814,"资中县－资中城区－资州大道,近抚琴街",90.8,15.84,2013,南北,普通住宅,中层(共33层),毛坯,有
56.6,蜀龙子都,3室2厅1卫,6988,隆昌市－隆昌城区－人民中路18号,81,16.98,2013,南,普通住宅,低层(共7层),精装修,无
77.8,花满庭,3室2厅1卫,7073,东兴区－新六中－汉安大道西380号,110,23.34,2015,南北,普通住宅,高层(共33层),精装修,有
61.8,电力名城1区,3室2厅2卫,4905,东兴区－新六中－汉安大道西368号,126,18.54,2004,南北,普通住宅,中层(共6层),精装修,无
56,金华路法院住宅区,3室2厅2卫,4786,隆昌市－隆昌城区－金华路29号,117,16.8,2005,南北,普通住宅,高层(共7层),精装修,无
51.8,枇杷花苑,3室2厅1卫,6336,东兴区－月儿湾－兴盛路西段241号,81.8,15.54,2007,南北,普通住宅,中层(共6层),精装修,无
49.8,凤凰城,3室2厅1卫,6148,"资中县－资中城区－321国道,近资州大道",81,14.94,2014,南北,普通住宅,中层(共33层),毛坯,有
54.5,现代国际,3室2厅1卫,5590,资中县－资中城区－资州大道南一段46号,97.5,16.35,2013,南北,普通住宅,高层(共30层),毛坯,有
48,丹桂华府,3室2厅1卫,5316,资中县－资中城区－东大道南三巷,90.3,14.4,2012,南北,普通住宅,高层(共15层),简单装修,有
47.6,枇杷花苑,3室2厅1卫,5011,东兴区－月儿湾－兴盛路西段241号,95,14.28,2006,北,普通住宅,中层(共7层),精装修,无
69.8,西浦观邸第一城,3室2厅2卫,7756,市中区－城西－甜城大道南段488号,90,20.94,2016,南,普通住宅,低层(共33层),精装修,有
69.8,凤凰城,3室2厅2卫,6123,"资中县－资中城区－321国道,近资州大道",114,20.94,2013,南北,普通住宅,低层(共33层),精装修,有
99.6,隆城1号,3室2厅2卫,9577,"隆昌市－隆昌城区－人民中路,近中山路",104,29.88,2016,南北,普通住宅,中层(共18层),精装修,有
69.8,凤凰城,3室2厅2卫,7271,"资中县－资中城区－321国道,近资州大道",96,20.94,2014,南,普通住宅,低层(共32层),精装修,有
71.2,电力名城1区,3室2厅2卫,5696,东兴区－新六中－汉安大道西368号,125,21.36,2010,南北,普通住宅,中层(共6层),精装修,无
36.8,西街198号院,3室2厅1卫,4907,资中县－资中城区－西街198号,75,11.04,1998,南北,普通住宅,低层(共9层),精装修,无
73.8,凤凰城,3室2厅2卫,8030,"资中县－资中城区－321国道,近资州大道",91.9,22.14,2015,东,普通住宅,低层(共18层),精装修,有
61.8,金山晶座,3室2厅1卫,7023,资中县－资中城区－滨江西路236号,88,18.54,2015,南北,普通住宅,高层(共31层),精装修,有
49.8,和喜御南台,3室2厅2卫,5596,"资中县－资中城区－资州大道,近春岚北路",89,14.94,2019,南,普通住宅,低层(共18层),毛坯,有
60.8,南亚风情,3室2厅2卫,2909,东兴区－月儿湾－兴盛路768号,209,18.24,2011,南北,普通住宅,高层(共6层),精装修,无
81.8,万达中央华城,3室2厅2卫,7436,东兴区－东兴周边－兰桂大道442号,110,24.54,2016,南北,普通住宅,中层(共31层),精装修,有
54.8,金科公园王府,3室2厅1卫,6447,"东兴区－新六中－大千路,近玉屏街",85,16.44,2018,南北,普通住宅,低层(共30层),毛坯,有
49.8,桐梓小区,3室2厅1卫,5533,东兴区－月儿湾－大千路299号,90,14.94,2005,南北,普通住宅,高层(共6层),精装修,无
71.2,电力名城1区,3室2厅2卫,5696,东兴区－新六中－汉安大道西368号,125,21.36,2010,南北,普通住宅,中层(共6层),精装修,无
36.8,西街198号院,3室2厅1卫,4907,资中县－资中城区－西街198号,75,11.04,1998,南北,普通住宅,低层(共9层),精装修,无
73.8,凤凰城,3室2厅2卫,8030,"资中县－资中城区－321国道,近资州大道",91.9,22.14,2015,东,普通住宅,低层(共18层),精装修,有
61.8,金山晶座,3室2厅1卫,7023,资中县－资中城区－滨江西路236号,88,18.54,2015,南北,普通住宅,高层(共31层),精装修,有
60.8,南亚风情,3室2厅2卫,2909,东兴区－月儿湾－兴盛路768号,209,18.24,2011,南北,普通住宅,高层(共6层),精装修,无
66,天运家园,3室2厅1卫,6471,隆昌市－隆昌城区－石油路二段160号,102,19.8,2012,南北,普通住宅,低层(共7层),精装修,无
69.8,凤凰城,3室2厅2卫,6123,"资中县－资中城区－321国道,近资州大道",114,20.94,2012,南北,普通住宅,低层(共33层),精装修,有
55.8,恒泰小区,3室2厅1卫,6115,隆昌市－隆昌城区－成渝中路302号,91.3,16.74,2012,南北,普通住宅,中层(共7层),精装修,无
59.8,汉安天地,3室2厅1卫,7588,东兴区－新六中－汉安大道西段888号,78.8,17.94,2015,南北,普通住宅,高层(共33层),毛坯,有
82.8,天和新城,3室2厅2卫,6958,东兴区－新六中－眺洲路258号,119,24.84,2016,南,普通住宅,高层(共11层),豪华装修,有
60.8,俊麟大厦,3室2厅1卫,5287,市中区－城西－玉溪路433号,115,18.24,2005,东南,普通住宅,中层(共16层),简单装修,有
57,碧桂园铂悦府,3室2厅1卫,6404,"市中区－城西－康健路,近新光路",89,17.1,2020,南北,普通住宅,低层(共33层),精装修,有
80,邦泰颐和上院,3室2厅2卫,8247,"东兴区－三湾路－兰桂大道,近双凤路",97,24,2000,南北,普通住宅,低层(共10层),毛坯,有
46,百庆锦绣外滩,3室2厅1卫,3833,隆昌市－隆昌城区－新华街6号,120,13.8,2000,南,普通住宅,高层(共7层),简单装修,无
36.8,民族路373号小区,3室2厅1卫,5388,市中区－城西－民族路373号,68.3,11.04,2000,南北,普通住宅,中层(共6层),精装修,无
56.8,传化广场锦城A区,3室2厅1卫,7190,东兴区－三湾路－汉安大道,79,17.04,2018,南北,普通住宅,高层(共18层),毛坯,有
79.8,金科翡翠公园,3室2厅2卫,7189,"东兴区－三湾路－321国道,近汉安大道",111,23.94,2019,南北,普通住宅,低层(共9层),毛坯,有
43.8,远达世纪城,3室2厅2卫,5153,资中县－资中城区－凤鸣路,85,13.14,2019,南北,普通住宅,中层(共19层),精装修,有
53.5,和喜御珑台,3室2厅2卫,5691,市中区－城西－甜城大道中段,94,16.05,2019,南北,普通住宅,中层(共18层),毛坯,有
63,和喜御景台,3室2厅2卫,6495,"市中区－城西－甜城大道中段,近安居街",97,18.9,2020,南北,普通住宅,低层(共11层),毛坯,有
51.8,和喜御珑台,3室2厅2卫,5692,市中区－城西－甜城大道中段,91,15.54,2019,南北,普通住宅,中层(共17层),毛坯,有
88.8,邦泰国宾上院,3室2厅2卫,7655,东兴区－三湾路－仁爱路282号,116,26.64,2019,南北,普通住宅,低层(共17层),毛坯,有
59,鸿琛尚华名城,3室2厅1卫,6941,东兴区－新六中－汉安大道558号,85,17.7,2015,南北,普通住宅,中层(共6层),精装修,无
53,城关职中东区家属宿舍,3室2厅1卫,3869,隆昌市－隆昌城区－飞泉路9号,137,15.9,2003,南,普通住宅,中层(共7层),精装修,无
47.6,金元亨小区,3室2厅1卫,4907,隆昌市－隆昌城区－春光路10号,97,14.28,2005,南北,普通住宅,高层(共7层),精装修,无
57.8,广汇花园二期,3室2厅1卫,6942,"东兴区－月儿湾－兴隆路,近206省道",83.3,17.34,2008,东,普通住宅,中层(共7层),精装修,无
57.8,凤凰城,3室2厅2卫,6201,"资中县－资中城区－321国道,近资州大道",93.2,17.34,2013,南北,普通住宅,中层(共18层),毛坯,有
41.8,翔龙山,3室2厅1卫,4644,市中区－市中周边－玉带街1号,90,12.54,2000,南北,普通住宅,中层(共7层),精装修,无
38,南城丹府,3室2厅1卫,3619,资中县－资中城区－苌弘路279号,105,11.4,2007,南北,普通住宅,中层(共7层),精装修,无
61.8,西雅图水景苑,3室2厅2卫,5518,东兴区－新六中－星桥街516号,112,18.54,2010,南北,普通住宅,中层(共7层),豪华装修,无
25,文英街社区,3室2厅1卫,2941,市中区－城西－文英街,85,7.5,2000,南北,普通住宅,高层(共10层),简单装修,无
66.8,广汇花园,3室2厅2卫,5567,东兴区－东兴周边－兴隆路308号,120,20.04,2011,南北,普通住宅,高层(共6层),精装修,无
56.8,嘉宏公园里,3室2厅1卫,7273,东兴区－月儿湾－兴隆路538号,78.1,17.04,2010,南北,普通住宅,低层(共6层),精装修,无
48.8,百庆锦绣外滩,3室2厅1卫,4880,隆昌市－隆昌城区－新华街6号,100,14.64,2004,南北,普通住宅,高层(共7层),精装修,无
48,群星花园,3室2厅2卫,3967,隆昌市－隆昌城区－成渝北路212号,121,14.4,2008,南,普通住宅,中层(共7层),精装修,无
56,百庆小区,3室2厅2卫,3733,隆昌市－隆昌城区－康复中路603号,150,16.8,2003,南,普通住宅,高层(共7层),精装修,无
39,丽景雅苑,3室2厅1卫,3714,威远县－威远城区－易佳街137号,105,11.7,2008,南北,普通住宅,中层(共7层),精装修,无
37.8,民族路373号小区,3室1厅1卫,5494,市中区－城西－民族路373号,68.8,11.34,1998,东西,普通住宅,中层(共7层),精装修,无
53.8,幸福小区,3室2厅2卫,5124,市中区－城西－腾飞路63号,105,16.14,2004,南北,普通住宅,中层(共7层),精装修,无
35.8,公园街社区,3室2厅1卫,3653,市中区－城西－公园街184号,98,10.74,2000,南北,普通住宅,低层(共6层),简单装修,无
44.8,荣威尚景,3室2厅1卫,5034,"威远县－威远城区－二环路,近顺城街",89,13.44,2018,西南,普通住宅,高层(共30层),毛坯,有
74.8,凯利翡翠园,3室2厅2卫,7480,"资中县－资中城区－和鸣大道,近东大道二段",100,22.44,2016,南,普通住宅,低层(共8层),精装修,有
112.8,邦泰国际社区,3室2厅2卫,9400,东兴区－月儿湾－兰桂大道,120,33.84,2017,南北,普通住宅,高层(共9层),精装修,有
47.8,和平小区一号街38号院,3室2厅1卫,5196,东兴区－东兴－平安路,92,14.34,2008,南北,普通住宅,高层(共7层),精装修,无
36.8,民族路373号小区,3室1厅1卫,4279,市中区－城西－民族路373号,86,11.04,1999,南北,普通住宅,中层(共7层),精装修,无
55.9,沱江花园,3室2厅2卫,3993,市中区－城西－南风街50号,140,16.77,2006,南,普通住宅,低层(共6层),精装修,无
34.8,箭道街174号小区,3室2厅1卫,4780,市中区－城西－箭道街174号,72.8,10.44,1999,东西,普通住宅,高层(共7层),精装修,无
43,雄飞国际新城,3室2厅2卫,4479,"威远县－威远城区－东风北路,近小河东路",96,12.9,2020,南北,普通住宅,低层(共21层),毛坯,有
66,西雅图金山城,3室2厅2卫,6386,东兴区－新六中－东兴大道1668号,103.4,19.8,2010,南北,普通住宅,中层(共6层),精装修,无
37.8,街心花园,3室2厅1卫,4667,"市中区－城西－公园街,近叠园路",81,11.34,2005,南北,普通住宅,中层(共6层),精装修,无
53.8,临江小区,3室2厅2卫,3427,市中区－城西－南环路172号,157,16.14,2006,南北,普通住宅,中层(共15层),精装修,有
43.8,家兴苑,3室2厅1卫,3650,市中区－城西－江宁街56号,120,13.14,2007,南北,普通住宅,中层(共7层),毛坯,无
39.8,北渡小区,3室2厅1卫,5196,东兴区－新六中－桐梓街,76.6,11.94,2008,南北,普通住宅,高层(共6层),精装修,无
53.8,南山佳苑,3室2厅1卫,4804,市中区－城西－棬子路140号,112,16.14,2008,南北,普通住宅,中层(共7层),精装修,无
59,星桥街东段114号院,3室2厅2卫,4504,东兴区－月儿湾－ 星桥街东段114号,131,17.7,2008,南北,普通住宅,中层(共7层),精装修,无
47.8,鹅江花园,3室2厅1卫,4733,隆昌市－隆昌城区－新华街196号,101,14.34,2000,南,普通住宅,高层(共7层),精装修,无
59.8,广汇城市花园,3室2厅1卫,7119,东兴区－月儿湾－三号路666号,84,17.94,2008,南北,普通住宅,中层(共6层),豪华装修,无
43.8,农校街175号院,3室2厅1卫,5093,东兴区－东兴－农校街175号,86,13.14,2000,南北,普通住宅,中层(共8层),精装修,无
49.8,凤凰社区,3室2厅1卫,5791,东兴区－新六中－红牌路689号,86,14.94,1997,南北,普通住宅,高层(共6层),精装修,无
59.8,鸿琛尚华名城,3室2厅1卫,6724,东兴区－新六中－汉安大道558号,88.9,17.94,2009,南北,普通住宅,中层(共6层),精装修,无
47.8,鹅江花园,3室2厅1卫,4733,隆昌市－隆昌城区－新华街196号,101,14.34,2000,南,普通住宅,高层(共7层),精装修,无
59.8,广汇城市花园,3室2厅1卫,7119,东兴区－月儿湾－三号路666号,84,17.94,2008,南北,普通住宅,中层(共6层),豪华装修,无
43.8,农校街175号院,3室2厅1卫,5093,东兴区－东兴－农校街175号,86,13.14,2000,南北,普通住宅,中层(共8层),精装修,无
49.8,凤凰社区,3室2厅1卫,5791,东兴区－新六中－红牌路689号,86,14.94,1997,南北,普通住宅,高层(共6层),精装修,无
56,鸿琛尚华名城,3室2厅1卫,6667,东兴区－新六中－汉安大道558号,84,16.8,2009,南北,普通住宅,中层(共6层),精装修,无
55.8,大千建材小区,3室2厅2卫,4103,市中区－城西－腾飞路,136,16.74,2006,南北,普通住宅,中层(共6层),精装修,无
35.6,箭道街174号小区,3室2厅1卫,4289,市中区－城西－箭道街174号,83,10.68,1999,南北,普通住宅,高层(共7层),精装修,无
58,北街花园,3室2厅2卫,4296,隆昌市－隆昌城区－人民中路,135,17.4,2004,南北,普通住宅,高层(共7层),精装修,无
64,江城花园,3室2厅2卫,5664,市中区－城西－江华街6号,113,19.2,2008,南,普通住宅,低层(共7层),精装修,无
45.8,锦绣花园,3室2厅1卫,4872,"资中县－资中城区－东大道南三巷,近桂花街",94,13.74,2012,南北,普通住宅,高层(共6层),精装修,无
49.8,榕香桦庭,3室2厅2卫,3891,威远县－威远城区－河东街260号,128,14.94,2010,南北,普通住宅,高层(共7层),精装修,无
78.8,磐石首创城,3室2厅2卫,7802,资中县－资中城区－资州大道,101,23.64,2017,南北,普通住宅,高层(共12层),毛坯,有
39.8,交通路97号院,3室2厅1卫,3317,隆昌市－隆昌城区－交通路97号,120,11.94,2000,东,普通住宅,高层(共7层),精装修,无
69.8,金山一品,3室2厅2卫,8780,"资中县－资中城区－资州大道,近抚琴街",79.5,20.94,2010,南北,普通住宅,高层(共33层),精装修,有
49.8,锦绣福沃城,3室2厅1卫,6000,东兴区－新六中－榕树巷8号,83,14.94,2008,南北,普通住宅,中层(共7层),精装修,无
37.8,远达世纪城,3室2厅2卫,5040,资中县－资中城区－凤鸣路,75,11.34,2020,南,普通住宅,中层(共19层),毛坯,有
39.6,德和小区,3室2厅1卫,3300,"隆昌市－隆昌城区－白塔路,近兴隆路",120,11.88,2010,南,普通住宅,高层(共7层),毛坯,无
82.8,嘉和宽庭,3室2厅2卫,8536,隆昌市－隆昌城区－古宇路261号,97,24.84,2018,南,普通住宅,中层(共33层),精装修,无
56.8,荣威后湾,3室2厅2卫,4239,"威远县－威远城区－二环路,近顺城街",134,17.04,2013,西南,普通住宅,高层(共17层),毛坯,有
63.8,公路小区,3室2厅2卫,4987,隆昌市－隆昌城区－石油路23 ,127.9,19.14,2006,南北,普通住宅,高层(共7层),精装修,无
59.8,古宇路240号院,3室2厅2卫,5980,隆昌市－隆昌城区－古宇路240号,100,17.94,2006,南北,普通住宅,中层(共7层),精装修,无
39.8,城市花园,3室2厅1卫,5103,"威远县－威远城区－顺城街,近二环路",78,11.94,2011,南,普通住宅,高层(共7层),精装修,无
55.8,鸿运佳苑,3室2厅2卫,4982,威远县－威远城区－三河路177号,112,16.74,2008,南,普通住宅,低层(共6层),精装修,无
51.8,群星花园,3室2厅1卫,5692,隆昌市－隆昌城区－成渝北路212号,91,15.54,2009,南北,普通住宅,高层(共7层),精装修,无
70.8,锦林新苑,3室2厅2卫,5619,隆昌市－隆昌城区－大西街二段66号,126,21.24,2006,南北,普通住宅,高层(共7层),精装修,无
57.6,尚品嘉苑,3室2厅1卫,6545,东兴区－月儿湾－学院路,88,17.28,2017,南北,普通住宅,低层(共18层),毛坯,有
55.8,星桥街东段114号院,3室2厅1卫,6200,东兴区－月儿湾－ 星桥街东段114号,90,16.74,2008,南北,普通住宅,高层(共6层),精装修,无
69.8,金色夏威夷,3室2厅2卫,7065,"资中县－资中城区－资州大道,近春岚北路",98.8,20.94,2015,南北,普通住宅,低层(共33层),精装修,有
52.9,学府苑,3室2厅1卫,4991,"威远县－威远城区－三河路,近二环路",106,15.87,2010,南北,普通住宅,中层(共6层),精装修,无
46.8,南景源,3室2厅1卫,5087,隆昌市－隆昌城区－白塔路一段66号,92,14.04,2009,南北,普通住宅,高层(共7层),精装修,无
62.5,广汇花园,3室2厅1卫,5682,东兴区－东兴周边－兴隆路308号,110,18.75,2015,南北,普通住宅,低层(共6层),精装修,无
43.8,滨河花园,3室2厅1卫,4389,资中县－资中城区－武陵大道,99.8,13.14,2002,南北,普通住宅,高层(共7层),精装修,无
38,金元亨小区,3室2厅1卫,3220,隆昌市－隆昌城区－春光路10号,118,11.4,2000,南,普通住宅,高层(共7层),精装修,无
39.6,交通路97号院,3室2厅1卫,3300,隆昌市－隆昌城区－交通路97号,120,11.88,2002,南,普通住宅,高层(共7层),精装修,无
62.8,百庆名都,3室2厅2卫,6218,隆昌市－隆昌城区－东新街58号,101,18.84,2002,南北,普通住宅,中层(共7层),精装修,无
44.8,御都花园,3室2厅1卫,5271,资中县－资中城区－春岚北路,85,13.44,2018,南北,普通住宅,中层(共22层),精装修,有
81.8,远达西城郡,3室2厅2卫,7393,隆昌市－隆昌城区－中山路二段69号,110.6,24.54,2017,南北,普通住宅,中层(共13层),毛坯,有
64.8,蜀东丽府,3室2厅2卫,4075,"隆昌市－隆昌城区－白塔路,近隆泸大道",159,19.44,2000,南北,普通住宅,中层(共7层),精装修,无
48.8,鑫盛苑,3室2厅1卫,5741,"东兴区－东兴－西盛路,近能力路",85,14.64,2005,南北,普通住宅,共5层,精装修,无
61.8,河畔人家,3室2厅1卫,6180,东兴区－月儿湾－东桐路126号,100,18.54,2015,南北,普通住宅,中层(共6层),精装修,无
38.8,蜀阳花园,3室2厅1卫,3935,资中县－资中城区－桂花街188号,98.6,11.64,2010,南北,普通住宅,高层(共7层),毛坯,无
58.8,明景苑,3室2厅2卫,4374,资中县－资中城区－城南东干道268号,134.4,17.64,2009,南北,普通住宅,中层(共7层),精装修,无
51.6,榕树街68号院,3室2厅1卫,5432,东兴区－新六中－榕树街68号,95,15.48,2009,南北,普通住宅,中层(共7层),精装修,无
38,新华路西二巷28号院,3室2厅1卫,4750,市中区－城西－新华路西二巷28号,80,11.4,2000,南北,普通住宅,低层(共7层),精装修,无
48.8,环联小区,3室2厅1卫,4428,隆昌市－隆昌城区－隆桥路148号 ,110.2,14.64,2005,南北,普通住宅,中层(共7层),简单装修,无
42,宏福苑小区,3室2厅2卫,3281,威远县－威远城区－顺城街中段53号,128,12.6,2005,南北,普通住宅,高层(共7层),精装修,无
47.8,凤窝街133号院,3室2厅1卫,5432,东兴区－东兴－凤窝街133号,88,14.34,2000,南北,普通住宅,低层(共6层),精装修,无
44.9,民族路133号院,3室2厅1卫,4873,市中区－城西－民族路133号,92.1,13.46,2000,南北,普通住宅,低层(共7层),精装修,无
43.8,阳光小区,3室2厅1卫,4813,威远县－威远城区－正西街34号,91,13.14,2004,南,普通住宅,低层(共6层),精装修,无
46.8,丽景苑(威远),3室2厅1卫,4500,"威远县－威远城区－荷花街,近高升街",104,14.04,2004,南北,普通住宅,低层(共6层),精装修,无
72.8,西浦官邸,3室2厅2卫,6154,市中区－城西－双苏路6号,118.3,21.84,2016,南北,普通住宅,中层(共33层),精装修,有
45,新华路东一巷7号院,3室2厅1卫,4688,市中区－城西－新华路东一巷7号,96,13.5,1999,东南,普通住宅,低层(共7层),精装修,无
75,邦泰国际社区御峰,3室2厅2卫,7016,东兴区－三湾路－双凤路,106.9,22.5,2017,南北,普通住宅,高层(共32层),毛坯,有
79.8,隆昌二中教师园区,3室2厅1卫,7255,隆昌市－隆昌城区－石油路二段98号,110,23.94,2007,东,普通住宅,高层(共7层),精装修,无
46,重龙镇桥北西路小区,3室2厅1卫,4600,资中县－资中城区－桥北西路,100,13.8,1999,南北,普通住宅,中层(共7层),精装修,无
52.8,清心园,3室2厅1卫,6140,东兴区－新六中－龙观街28号,86,15.84,2008,南北,普通住宅,中层(共7层),精装修,无
43.6,兆信中心,3室2厅1卫,4113,东兴区－新六中－汉安大道西段888号,106,13.08,2018,南北,普通住宅,低层(共33层),毛坯,有
40.8,甘泉寺小区,3室2厅1卫,4916,市中区－城西－公园湾村183号,83,12.24,1999,南,普通住宅,高层(共7层),精装修,无
43.8,昌达街147号院,3室2厅1卫,3903,隆昌市－隆昌城区－昌达街147号,112.2,13.14,2006,南,普通住宅,中层(共7层),精装修,无
39.8,金科中央公园城,3室2厅1卫,4738,市中区－城西－内椑路,84,11.94,2012,南北,普通住宅,低层(共30层),毛坯,有
39.8,金科中央公园城,3室2厅1卫,4738,市中区－城西－内椑路,84,11.94,2012,南北,普通住宅,低层(共30层),毛坯,有
66.8,天运家园,3室2厅1卫,6581,隆昌市－隆昌城区－石油路二段160号,101.5,20.04,2012,南北,普通住宅,中层(共7层),精装修,无
37.8,沿江路122号小区,3室2厅1卫,4725,市中区－城西－沿江路122号,80,11.34,2001,南北,普通住宅,低层(共6层),精装修,无
66.8,德馨苑,3室2厅2卫,5260,东兴区－月儿湾－东兴大道3号,127,20.04,2006,南北,普通住宅,低层(共7层),精装修,无
48,丽景苑,3室2厅1卫,4793,资中县－资中城区－郁春路17号,100.1,14.4,2008,南北,普通住宅,中层(共6层),精装修,有
61.8,兴隆小区,3室2厅2卫,5518,"东兴区－东兴－兴隆路,近大千路",112,18.54,2008,南北,普通住宅,中层(共6层),精装修,无
53.8,至诚凤凰华庭,3室2厅2卫,5604,威远县－威远城区－威远大道48号,96,16.14,2015,南北,普通住宅,中层(共31层),毛坯,有
83.6,汇宇棕榈湾,3室2厅2卫,7962,东兴区－月儿湾－汉安大道西669号,105,25.08,2010,南北,普通住宅,低层(共6层),精装修,无
58.8,鸿通春天江与城,3室2厅1卫,6462,"东兴区－东兴－兰桂大道,近北环路",91,17.64,2015,南北,普通住宅,高层(共32层),精装修,有
93.8,万晟城峰景,3室2厅2卫,8849,东兴区－三湾路－汉安大道东段111号,106,28.14,2014,南北,普通住宅,中层(共31层),豪华装修,有
83.8,邦泰国际社区御峰,3室2厅2卫,8729,东兴区－三湾路－双凤路,96,25.14,2017,南北,普通住宅,中层(共33层),精装修,有
63,邦泰颐和上院,3室2厅1卫,7778,"东兴区－三湾路－兰桂大道,近双凤路",81,18.9,2018,南北,普通住宅,中层(共9层),毛坯,有
28.8,临溪小区,3室2厅1卫,2618,威远县－威远城区－建设路51号,110,8.64,2000,南北,普通住宅,高层(共7层),简单装修,无
65,荷香苑,3室2厅2卫,5556,市中区－城西－双苏路269号,117,19.5,2010,南北,普通住宅,中层(共30层),精装修,有
43.8,中心街57号院,3室2厅1卫,4813,威远县－威远城区－中心街57号,91,13.14,2010,南北,普通住宅,中层(共6层),精装修,无
68.8,川威劲力船城美墅,3室2厅2卫,4879,资中县－资中城区－学府街88号,141,20.64,2012,南北,普通住宅,中层(共6层),精装修,无
39.6,兰草街48号院,3室2厅2卫,3094,威远县－威远城区－兰草街48号,128,11.88,2002,北,普通住宅,高层(共9层),简单装修,有
67.8,西锦园,3室2厅2卫,5650,东兴区－月儿湾－兴隆路382号,120,20.34,2009,南北,普通住宅,低层(共6层),精装修,无
61.8,朗诗汉安府别墅,3室2厅2卫,5942,市中区－城西－乐贤大道666号,104,18.54,2016,南,普通住宅,高层(共6层),毛坯,有
36.8,西街198号院,3室1厅1卫,4907,资中县－资中城区－西街198号,75,11.04,1996,南北,普通住宅,中层(共7层),精装修,无
55.8,大千建材小区,3室2厅2卫,4103,市中区－城西－腾飞路,136,16.74,2006,南北,普通住宅,中层(共7层),精装修,无
76.8,广汇花园,3室2厅2卫,6126,东兴区－东兴周边－兴隆路308号,125.4,23.04,2008,南北,普通住宅,中层(共7层),精装修,无
78.8,邦泰颐和上院,3室2厅2卫,8208,"东兴区－三湾路－兰桂大道,近双凤路",96,23.64,2019,南北,普通住宅,低层(共10层),毛坯,有
39.6,德和小区,3室2厅1卫,3300,"隆昌市－隆昌城区－白塔路,近兴隆路",120,11.88,2010,南,普通住宅,高层(共7层),毛坯,无
57.8,苌弘丽景,3室2厅1卫,6215,"资中县－资中城区－苌弘路,平安大道",93,17.34,2015,南北,普通住宅,中层(共18层),精装修,有
78,欧城印象,3室2厅2卫,7500,东兴区－月儿湾－兴隆路532号,104,23.4,2012,南北,普通住宅,中层(共7层),精装修,无
42.8,馨泰苑,3室2厅2卫,4458,威远县－威远城区－奉龙街8号,96,12.84,2011,南北,普通住宅,高层(共7层),精装修,无
69.8,宏创龙湾半岛,3室2厅2卫,5915,东兴区－月儿湾－兴隆路西段671号,118,20.94,2017,南,普通住宅,低层(共32层),毛坯,有
65,少公馆,3室2厅1卫,6436,东兴区－新六中－西林大道309号,101,19.5,2012,南北,普通住宅,高层(共30层),精装修,有
58.8,尚座雅致,3室2厅2卫,5158,"威远县－威远城区－外北路东段,近涂黄璐",114,17.64,2012,南北,普通住宅,低层(共18层),精装修,有
43,正东街19号院,3室2厅2卫,4868,资中县－资中城区－正东街19号,88.3,12.9,2008,南北,普通住宅,低层(共7层),精装修,无
43.8,西城时代,3室2厅1卫,5123,市中区－城西－甜城大道505号,85.5,13.14,2017,南北,普通住宅,中层(共30层),毛坯,有
36.8,锦绣花园A区,3室2厅2卫,5576,东兴区－月儿湾－兴盛路699号,66,11.04,2011,南北,普通住宅,高层(共7层),精装修,无
36,鹅江花园,3室2厅1卫,3711,隆昌市－隆昌城区－新华街196号,97,10.8,2000,南,普通住宅,中层(共7层),简单装修,无
34.5,锦霞小区,3室2厅1卫,4207,隆昌市－隆昌城区－石油路168号,82,10.35,2004,南北,普通住宅,高层(共7层),精装修,无
72.6,传化广场锦园,3室2厅2卫,6425,东兴区－三湾路－汉安大道,113,21.78,2016,南北,普通住宅,中层(共33层),精装修,有
69.8,磐石首创城,3室2厅1卫,7426,资中县－资中城区－资州大道,94,20.94,2018,南北,普通住宅,高层(共11层),毛坯,有
77.8,翡翠国际社区,3室2厅1卫,8943,东兴区－东兴－汉安大道西段927号,87,23.34,2015,南北,普通住宅,低层(共33层),精装修,有
108,西湖逸品,3室2厅2卫,9153,隆昌市－隆昌城区－隆华路一段51号,118,32.4,2017,南北,普通住宅,低层(共30层),精装修,有
60,昌建君悦府,3室2厅2卫,5217,市中区－城西－石羊大道北段,115,18,2019,南北,普通住宅,低层(共18层),毛坯,有
36.8,民族路133号院,3室1厅1卫,5388,市中区－城西－民族路133号,68.3,11.04,1998,东,普通住宅,中层(共7层),精装修,无
79.8,翡翠国际社区,3室2厅1卫,8227,东兴区－东兴－汉安大道西段927号,97,23.94,2014,南北,普通住宅,低层(共32层),豪华装修,有
54.8,德富苑,3室2厅1卫,4605,东兴区－新六中－平安一巷,119,16.44,2005,南,普通住宅,中层(共7层),精装修,无
38,广场路80号院,3室2厅1卫,4028,资中县－资中城区－广场路80号,94.3,11.4,2000,南北,普通住宅,低层(共6层),简单装修,无
41.8,西浦观邸第一城,3室2厅1卫,7121,市中区－城西－甜城大道南段488号,58.7,12.54,2016,南,普通住宅,低层(共32层),精装修,有
73.8,汉安国际,3室2厅2卫,6667,东兴区－月儿湾－汉安大道西128号,110.7,22.14,2010,东,普通住宅,高层(共33层),精装修,有
75.8,凯利翡翠园,3室2厅2卫,7548,"资中县－资中城区－和鸣大道,近东大道二段",100.4,22.74,2019,南北,普通住宅,高层(共11层),精装修,有
67.8,西锦园,3室2厅2卫,6457,东兴区－月儿湾－兴隆路382号,105,20.34,2013,南北,普通住宅,低层(共7层),精装修,无
56,万为江南里,3室2厅2卫,5437,市中区－市中周边－石羊大道2388号,103,16.8,2018,东南,普通住宅,中层(共18层),精装修,有
35.8,箭道街174号小区,3室2厅1卫,4838,市中区－城西－箭道街174号,74,10.74,2000,南北,普通住宅,高层(共7层),精装修,无
39.8,上南街154号院,3室2厅1卫,4374,市中区－城西－上南街154号,91,11.94,2000,南北,普通住宅,低层(共7层),精装修,无
105,西城郡华庭,3室2厅2卫,10000,隆昌市－隆昌城区－自荣路,105,31.5,2018,南北,普通住宅,中层(共17层),精装修,有
66.6,天运家园,3室2厅1卫,6466,隆昌市－隆昌城区－石油路二段160号,103,19.98,2005,南北,普通住宅,中层(共7层),精装修,无
88.6,东门广场,3室2厅3卫,5255,隆昌市－隆昌城区－隆桥路168号,168.6,26.58,2000,南,普通住宅,中层(共14层),精装修,无
61.8,兴隆小区,3室2厅2卫,5518,"东兴区－东兴－兴隆路,近大千路",112,18.54,2010,南北,普通住宅,中层(共7层),精装修,无
48.8,桐梓小区,3室2厅1卫,6495,东兴区－月儿湾－大千路299号,75.1,14.64,2010,南北,普通住宅,高层(共7层),精装修,无
58.8,桐梓小区2期,3室2厅1卫,7350,东兴区－三湾路－星桥街,80,17.64,2010,南北,普通住宅,低层(共6层),精装修,无
71.8,恒大锦城,3室2厅2卫,6710,资中县－资中城区－凤祥中路,107,21.54,2019,南北,普通住宅,高层(共19层),精装修,有
45.8,东门广场,3室2厅2卫,3785,隆昌市－隆昌城区－隆桥路168号,121,13.74,2003,南北,普通住宅,高层(共7层),简单装修,无
60.8,大千建材小区,3室2厅2卫,4504,市中区－城西－腾飞路,135,18.24,2004,南北,普通住宅,高层(共6层),精装修,无
66.8,邦泰大观府,3室2厅1卫,8048,"东兴区－三湾路－双凤路,近兰桂大道",83,20.04,2019,南北,普通住宅,中层(共17层),毛坯,有
56.8,万为江南里,3室2厅2卫,6382,市中区－市中周边－石羊大道2388号,89,17.04,2020,南北,普通住宅,低层(共17层),毛坯,有
51.8,枇杷花苑,3室2厅1卫,5692,东兴区－月儿湾－兴盛路西段241号,91,15.54,2005,南北,普通住宅,中层(共6层),精装修,无
68.8,城南一号西苑,3室2厅2卫,7742,资中县－资中城区－资州大道南二段,88.9,20.64,2015,南北,普通住宅,低层(共30层),精装修,有
91.8,滨江华府,3室2厅2卫,7167,资中县－资中城区－滨江路,128.1,27.54,2015,南北,普通住宅,低层(共15层),毛坯,有
48.6,桐梓小区,3室2厅1卫,6469,东兴区－月儿湾－大千路299号,75.1,14.58,2008,南北,普通住宅,高层(共7层),精装修,无
50.2,桐梓小区2期,3室2厅1卫,5578,东兴区－三湾路－星桥街,90,15.06,2010,南北,普通住宅,低层(共6层),精装修,无
33.8,花间集,3室2厅1卫,3497,隆昌市－隆昌城区－成渝中路373号,96.7,10.14,2000,南,普通住宅,低层(共7层),简单装修,无
65.8,传化广场锦城A区,3室2厅1卫,7000,东兴区－三湾路－汉安大道,94,19.74,2018,南北,普通住宅,低层(共30层),毛坯,有
56,百庆小区,3室2厅2卫,3684,隆昌市－隆昌城区－康复中路603号,152,16.8,2003,南北,普通住宅,高层(共7层),精装修,无
68.8,电力名城1区,3室2厅2卫,5508,东兴区－新六中－汉安大道西368号,124.9,20.64,2008,南北,普通住宅,中层(共6层),精装修,无
48.8,山水印象,3室2厅2卫,3967,威远县－威远城区－人民路商业一街88号,123,14.64,2012,南北,普通住宅,中层(共6层),精装修,无
42.6,宝洁花园,3室2厅1卫,4484,东兴区－月儿湾－兴隆路95号,95,12.78,2010,南北,普通住宅,中层(共7层),精装修,无
41.8,锦州佳苑,3室2厅1卫,4180,资中县－资中城区－成渝上街209号附57号,100,12.54,2002,南北,普通住宅,共5层,精装修,无
68.8,现代国际,3室2厅2卫,7730,资中县－资中城区－资州大道南一段46号,89,20.64,2013,南北,普通住宅,低层(共31层),精装修,有
59.6,三乐苑小区,3室2厅2卫,3973,隆昌市－隆昌城区－康复中路520号,150,17.88,2005,南北,普通住宅,高层(共7层),精装修,无
71,万达中央华城2期,3室2厅1卫,8924,东兴区－东兴－栖霞路599号,79.6,21.3,2017,东,普通住宅,高层(共31层),简单装修,有
69.8,凯利翡翠园2期,3室2厅2卫,6657,资中县－资中城区－春岚北路,104.9,20.94,2019,南北,普通住宅,高层(共16层),毛坯,有
41.8,邮政大厦,3室2厅1卫,3573,"资中县－资中城区－学府街,近东大道二段",117,12.54,2003,南北,普通住宅,高层(共6层),精装修,无
81.8,万达中央华城2期,3室2厅2卫,7505,东兴区－东兴－栖霞路599号,109,24.54,2015,南北,普通住宅,中层(共31层),精装修,有
88,邦泰国际社区御郡,3室2厅2卫,9167,东兴区－三湾路－玉屏街,96,26.4,2019,南北,普通住宅,高层(共30层),豪华装修,有
62.8,广汇花园二期,3室2厅1卫,6978,"东兴区－月儿湾－兴隆路,近206省道",90,18.84,2008,南北,普通住宅,中层(共7层),精装修,无
31,桂花小区,3室2厅1卫,3403,资中县－资中城区－石湾巷3号,91.1,9.3,2011,南北,普通住宅,高层(共7层),毛坯,无
42.8,城东世纪城,3室2厅1卫,3424,隆昌市－隆昌城区－成渝北路东街76号,125,12.84,2009,南北,普通住宅,中层(共7层),简单装修,无
62.3,鑫盛苑,3室2厅1卫,6108,"东兴区－东兴－西盛路,近能力路",102,18.69,2013,南北,普通住宅,低层(共6层),精装修,有
53.8,临江丽景,3室2厅1卫,6045,市中区－城西－江华街777号,89,16.14,2009,南北,普通住宅,低层(共6层),精装修,无
63.8,怡和苑小区,3室2厅2卫,5800,东兴区－新六中－太白路265号,110,19.14,2008,南北,普通住宅,低层(共6层),精装修,无
53.2,甜城路苑,3室2厅1卫,6367,市中区－城西－交通路528号,83.6,15.96,2006,南北,普通住宅,低层(共11层),精装修,有
58,祥和港都,3室2厅1卫,5949,市中区－城西－双苏路323号,97.5,17.4,2007,南北,普通住宅,高层(共17层),精装修,有
48.8,和平小区一号街38号院,3室2厅1卫,5422,东兴区－东兴－平安路,90,14.64,2005,南北,普通住宅,高层(共7层),精装修,无
56.6,百庆小区,3室2厅1卫,3724,隆昌市－隆昌城区－康复中路603号,152,16.98,2000,南北,普通住宅,高层(共7层),简单装修,无
61,锦霞小区,3室2厅2卫,4803,隆昌市－隆昌城区－石油路168号,127,18.3,2005,南,普通住宅,高层(共7层),精装修,无
75.6,嘉禾大厦,3室2厅1卫,8308,市中区－城西－玉溪路377号,91,22.68,2017,南北,普通住宅,低层(共32层),精装修,有
68.8,邦泰国际西区,3室2厅1卫,9829,东兴区－新六中－北环路888号,70,20.64,2015,南北,普通住宅,高层(共32层),精装修,有
43.8,揽景苑,3室2厅1卫,4611,市中区－城西－新华路东2巷26号,95,13.14,2013,南北,普通住宅,中层(共7层),精装修,无
61.8,兴隆小区二期,3室2厅2卫,5518,"东兴区－三湾路－五星路,近兴隆路",112,18.54,2010,南北,普通住宅,高层(共6层),精装修,无
41.8,南鞍路小区,3室2厅1卫,4918,市中区－城西－南鞍路140号,85,12.54,2008,南北,普通住宅,高层(共7层),精装修,无
44.8,新华路东一巷7号院,3室2厅1卫,4667,市中区－城西－新华路东一巷7号,96,13.44,1996,南,普通住宅,低层(共7层),精装修,无
64,碧桂园天悦府,3室2厅2卫,5664,资中县－资中城区－321国道,113,19.2,2019,南北,普通住宅,低层(共18层),精装修,有
71.6,星耀香颂湖,3室2厅2卫,7020,"东兴区－月儿湾－栖霞路,近清溪路",102,21.48,2014,南北,普通住宅,中层(共33层),毛坯,有
64.8,俊麟大厦,3室2厅2卫,5143,市中区－城西－玉溪路433号,126,19.44,2009,南北,普通住宅,中层(共18层),精装修,有
32,花间集,3室2厅1卫,3299,隆昌市－隆昌城区－成渝中路373号,97,9.6,2000,南,普通住宅,低层(共7层),简单装修,无
58.8,玉都花园B区,3室2厅1卫,6296,东兴区－月儿湾－兴盛路390号,93.4,17.64,2005,南,普通住宅,低层(共6层),精装修,无
59.8,江城花园,3室2厅1卫,5537,市中区－城西－江华街6号,108,17.94,2010,南北,普通住宅,中层(共6层),精装修,无
63.8,都英小区,3室2厅1卫,7780,隆昌市－隆昌城区－重庆路86号,82,19.14,2016,东,普通住宅,低层(共19层),精装修,有
76.6,文兴苑小区,3室2厅1卫,7737,隆昌市－隆昌城区－文兴苑,99,22.98,2012,南,普通住宅,低层(共7层),精装修,无
94.6,金廷怡都,3室2厅2卫,6976,隆昌市－隆昌城区－大西街二段118号,135.6,28.38,2012,南,普通住宅,高层(共16层),精装修,有
112,隆城1号,3室2厅2卫,10182,"隆昌市－隆昌城区－人民中路,近中山路",110,33.6,2018,南,普通住宅,高层(共19层),精装修,有
64.8,金色夏威夷(东兴),3室2厅1卫,8100,东兴区－新六中－汉安大道西917号,80,19.44,2013,南,普通住宅,中层(共18层),精装修,有
72.8,邦泰国际社区御峰,3室2厅2卫,6804,东兴区－三湾路－双凤路,107,21.84,2010,南北,普通住宅,高层(共33层),精装修,有
38,丽景沁园C区,3室2厅1卫,3585,威远县－威远城区－奉龙街215号,106,11.4,2006,南北,普通住宅,中层(共7层),精装修,无
35,百庆名都,3室2厅1卫,5000,隆昌市－隆昌城区－东新街58号,70,10.5,2000,南,普通住宅,低层(共7层),简单装修,无
76.6,加州蓝湾,3室2厅2卫,5283,东兴区－新六中－临江路548号,145,22.98,2010,南北,普通住宅,低层(共20层),豪华装修,有
96.8,金廷怡都,3室2厅2卫,7139,隆昌市－隆昌城区－大西街二段118号,135.6,29.04,2009,南北,普通住宅,高层(共19层),精装修,有
55,金科时代中心,3室2厅1卫,6250,市中区－城西－太子路118号,88,16.5,2015,南北,普通住宅,高层(共33层),简单装修,有
69,光荣小区,3室2厅2卫,5308,隆昌市－隆昌城区－成渝北路东街111号,130,20.7,2008,南,普通住宅,低层(共6层),精装修,无
55.8,宝洁花园,3室2厅1卫,4729,东兴区－月儿湾－兴隆路95号,118,16.74,2006,南北,普通住宅,高层(共7层),精装修,无
55.8,财富国际,3室2厅2卫,5167,"资中县－资中城区－资州大道,近祥云街",108,16.74,2014,南北,普通住宅,中层(共6层),精装修,无
46.8,长富雅居,3室2厅1卫,6446,市中区－市中周边－南环路63号,72.6,14.04,2006,东西,普通住宅,低层(共7层),精装修,无
55,金科时代中心,3室2厅1卫,6250,市中区－城西－太子路118号,88,16.5,2015,南北,普通住宅,高层(共33层),简单装修,有
69,光荣小区,3室2厅2卫,5308,隆昌市－隆昌城区－成渝北路东街111号,130,20.7,2008,南,普通住宅,低层(共6层),精装修,无
55.8,宝洁花园,3室2厅1卫,4729,东兴区－月儿湾－兴隆路95号,118,16.74,2006,南北,普通住宅,高层(共7层),精装修,无
55.8,财富国际,3室2厅2卫,5167,"资中县－资中城区－资州大道,近祥云街",108,16.74,2014,南北,普通住宅,中层(共6层),精装修,无
46.8,长富雅居,3室2厅1卫,6446,市中区－市中周边－南环路63号,72.6,14.04,2006,东西,普通住宅,低层(共7层),精装修,无
52.8,星桥街东段114号院,3室2厅1卫,5029,东兴区－月儿湾－ 星桥街东段114号,105,15.84,2000,南北,普通住宅,高层(共7层),精装修,无
39.8,邮政花园,3室2厅2卫,4053,"资中县－资中城区－桂花街,近学府街",98.2,11.94,2005,南北,普通住宅,高层(共6层),精装修,无
61.8,西雅图金山城,3室2厅1卫,7375,东兴区－新六中－东兴大道1668号,83.8,18.54,2012,南,普通住宅,低层(共6层),精装修,无
89.6,金廷怡都二期,3室2厅2卫,7529,隆昌市－隆昌城区－金华路237号,119,26.88,2009,南北,普通住宅,中层(共7层),精装修,无
68.8,万晟城峰阁,3室2厅1卫,7776,东兴区－三湾路－汉安大道东段111号,88.5,20.64,2013,东南,普通住宅,低层(共31层),精装修,无
46.9,鑫盛苑,3室2厅1卫,5516,"东兴区－东兴－西盛路,近能力路",85,14.07,2005,南北,普通住宅,中层(共6层),精装修,无
58.6,裕盛家园,3室2厅2卫,5009,隆昌市－隆昌城区－成渝东路306号,117,17.58,2010,东南,普通住宅,高层(共7层),精装修,无
62.8,嘉宏公园里,3室2厅1卫,5761,东兴区－月儿湾－兴隆路538号,109,18.84,2015,南北,普通住宅,低层(共7层),精装修,无
37.8,武陵小区,3室2厅1卫,3394,资中县－资中城区－武陵大道,111.4,11.34,2006,南北,普通住宅,高层(共7层),精装修,有
45.8,新华路东三巷30号院,3室2厅1卫,4771,市中区－城西－新华路东三巷30号,96,13.74,2001,南北,普通住宅,低层(共6层),精装修,无
75.6,广汇花园,3室2厅2卫,6048,东兴区－东兴周边－兴隆路308号,125,22.68,2008,南北,普通住宅,中层(共6层),精装修,无
95.6,金廷怡都,3室2厅2卫,7050,隆昌市－隆昌城区－大西街二段118号,135.6,28.68,2007,南,普通住宅,高层(共16层),精装修,有
41.2,金房苑小区,3室2厅1卫,3296,隆昌市－隆昌城区－成渝北路东街111号,125,12.36,2005,南,普通住宅,中层(共7层),精装修,无
77.2,海棠雅居,3室2厅2卫,7018,东兴区－月儿湾－大千路869号,110,23.16,2013,南北,普通住宅,中层(共21层),精装修,有
76,锦华都,3室2厅2卫,6909,东兴区－月儿湾－汉安大道东段888号,110,22.8,2016,南北,普通住宅,高层(共30层),精装修,有
78,汉安国际,3室2厅2卫,6522,东兴区－月儿湾－汉安大道西128号,119.6,23.4,2010,南北,普通住宅,中层(共33层),精装修,有
62.8,临江小区,3室2厅2卫,4945,市中区－城西－南环路172号,127,18.84,2009,南,普通住宅,低层(共6层),精装修,无
61.8,百庆名都,3室2厅2卫,6119,隆昌市－隆昌城区－东新街58号,101,18.54,2005,南北,普通住宅,中层(共7层),精装修,无
63.2,大盛现代城,3室2厅2卫,5311,市中区－城西－交通路559号,119,18.96,2012,南北,普通住宅,高层(共31层),精装修,有
88.9,东门广场,3室2厅3卫,5272,隆昌市－隆昌城区－隆桥路168号,168.6,26.67,1999,南,普通住宅,中层(共14层),精装修,有
80.8,万达中央华城2期,3室2厅2卫,9079,东兴区－东兴－栖霞路599号,89,24.24,2012,南北,普通住宅,中层(共31层),精装修,有
54.8,桐梓小区,3室2厅2卫,5269,东兴区－月儿湾－大千路299号,104,16.44,2000,南北,普通住宅,高层(共6层),精装修,无
42.8,旧货市场小区,3室2厅1卫,3963,资中县－资中城区－四通路,108,12.84,1999,南北,普通住宅,中层(共8层),精装修,无
49.8,和平小区一号街38号院,3室2厅1卫,6089,东兴区－东兴－平安路,81.8,14.94,2000,南北,普通住宅,高层(共6层),精装修,无
56.8,蜀龙子都,3室2厅1卫,6927,隆昌市－隆昌城区－人民中路18号,82,17.04,2010,南北,普通住宅,低层(共7层),精装修,无
56.8,水岸生活,3室2厅2卫,4086,威远县－威远城区－罗家坝街89号,139,17.04,2010,南北,普通住宅,低层(共6层),精装修,无
35.8,民族路373号小区,3室1厅1卫,5242,市中区－城西－民族路373号,68.3,10.74,2000,南,普通住宅,中层(共7层),精装修,无
31.8,正东街19号院,3室2厅1卫,4676,资中县－资中城区－正东街19号,68,9.54,2000,南北,普通住宅,中层(共7层),精装修,无
52,浩盛甜城印象,3室2厅2卫,5361,"市中区－城西－甜城大道,近汉渝大道",97,15.6,2015,南北,普通住宅,中层(共18层),毛坯,有
46.8,山水印象,3室2厅1卫,4457,威远县－威远城区－人民路商业一街88号,105,14.04,2009,南,普通住宅,中层(共7层),精装修,无
54.3,龙观小区,3室2厅1卫,6388,东兴区－三湾路－星光街398号,85,16.29,2005,南北,普通住宅,中层(共6层),精装修,无
71.8,万达中央华城,3室2厅1卫,8864,东兴区－东兴周边－兰桂大道442号,81,21.54,2014,南北,普通住宅,低层(共32层),精装修,有
79.8,万达中央华城2期,3室2厅2卫,8966,东兴区－东兴－栖霞路599号,89,23.94,2015,东,普通住宅,低层(共33层),精装修,无
38.8,滨河花园,3室2厅1卫,4264,资中县－资中城区－武陵大道,91,11.64,2009,南北,普通住宅,低层(共7层),简单装修,有
59.6,江城花园,3室2厅1卫,5570,市中区－城西－江华街6号,107,17.88,2010,南北,普通住宅,中层(共6层),精装修,无
56.8,中铁城市中心,3室2厅1卫,7088,"资中县－资中城区－资州大道,近春岚北路",80.1,17.04,2014,南北,普通住宅,高层(共33层),精装修,有
66,天运家园,3室2厅1卫,6471,隆昌市－隆昌城区－石油路二段160号,102,19.8,2007,南北,普通住宅,中层(共7层),精装修,无
59.8,第一国际,3室2厅2卫,4874,资中县－资中城区－内水南上街78号,122.7,17.94,2014,南北,普通住宅,高层(共30层),毛坯,有
46.8,滨河花园,3室2厅2卫,3343,资中县－资中城区－武陵大道,140,14.04,2006,南,普通住宅,低层(共6层),精装修,无
66.8,琼盛苑,3室2厅2卫,5661,东兴区－月儿湾－汉安大道9号,118,20.04,2008,南北,普通住宅,中层(共18层),精装修,有
49.6,枇杷花苑,3室2厅1卫,6123,东兴区－月儿湾－兴盛路西段241号,81,14.88,2006,南北,普通住宅,中层(共6层),精装修,无
48.8,鑫城花园,3室2厅2卫,4000,资中县－资中城区－郁春路1号,122,14.64,2006,南北,普通住宅,高层(共6层),精装修,无
83.8,邦泰国际公馆(东区),3室2厅2卫,9209,"东兴区－新六中－大千路,近北环路",91,25.14,2016,南北,普通住宅,高层(共32层),精装修,有
78.8,海棠雅居,3室2厅2卫,9271,东兴区－月儿湾－大千路869号,85,23.64,2012,南北,普通住宅,中层(共30层),精装修,无
58.6,三乐苑小区,3室2厅2卫,3907,隆昌市－隆昌城区－康复中路520号,150,17.58,2007,南,普通住宅,高层(共7层),精装修,无
80,邦泰国宾上院,3室2厅2卫,7143,东兴区－三湾路－仁爱路282号,112,24,2018,南北,普通住宅,中层(共20层),毛坯,有
67.8,凯利融城,3室2厅2卫,6713,资中县－资中城区－资州大道269号,101,20.34,2012,南北,普通住宅,中层(共18层),精装修,有
56.8,西雅图水景苑,3室2厅1卫,5856,东兴区－新六中－星桥街516号,97,17.04,2012,南北,普通住宅,中层(共6层),精装修,无
51.6,榕树街68号院,3室2厅1卫,6341,东兴区－新六中－榕树街68号,81.4,15.48,1987,南北,普通住宅,中层(共6层),精装修,无
64.6,天运家园,3室2厅1卫,6333,隆昌市－隆昌城区－石油路二段160号,102,19.38,2011,南,普通住宅,低层(共7层),精装修,无
32.8,广场街99号院,3室2厅1卫,3859,威远县－威远城区－广场街99号,85,9.84,2000,南北,普通住宅,高层(共7层),精装修,无
38,上南街154号院,3室1厅1卫,4691,市中区－城西－上南街154号,81,11.4,1998,南北,普通住宅,低层(共10层),精装修,无
61.8,广汇花园二期,3室2厅1卫,7390,"东兴区－月儿湾－兴隆路,近206省道",83.6,18.54,2010,南北,普通住宅,中层(共6层),精装修,无
58,三乐苑小区,3室2厅2卫,3867,隆昌市－隆昌城区－康复中路520号,150,17.4,2005,南,普通住宅,高层(共7层),简单装修,无
45,昌达街147号院,3室2厅1卫,3982,隆昌市－隆昌城区－昌达街147号,113,13.5,2004,南,普通住宅,高层(共7层),简单装修,无
70,万达中央华城2期,3室2厅1卫,8642,东兴区－东兴－栖霞路599号,81,21,2015,南北,普通住宅,中层(共32层),精装修,有
76.8,春江明珠,3室2厅2卫,7111,隆昌市－隆昌城区－交通路,108,23.04,2017,南北,普通住宅,高层(共31层),精装修,有
75.8,西浦观邸第一城,3室2厅2卫,6370,市中区－城西－甜城大道南段488号,119,22.74,2016,南北,普通住宅,高层(共33层),精装修,有
59.8,金色夏威夷,3室2厅1卫,6850,"资中县－资中城区－资州大道,近春岚北路",87.3,17.94,2015,南北,普通住宅,低层(共31层),精装修,有
56.6,祥和港都,3室2厅1卫,5805,市中区－城西－双苏路323号,97.5,16.98,1996,南北,普通住宅,高层(共17层),精装修,有
43.8,东林新城,3室2厅1卫,4515,资中县－资中城区－东林路,97,13.14,2008,南北,普通住宅,中层(共6层),精装修,无
48.2,远达世纪城,3室2厅2卫,5122,资中县－资中城区－凤鸣路,94.1,14.46,2019,南北,普通住宅,高层(共18层),毛坯,有
62.8,元亨花园,3室2厅1卫,5981,隆昌市－隆昌城区－望城街46号,105,18.84,2003,南北,普通住宅,低层(共7层),精装修,无
92.8,邦泰国宾上院,3室2厅2卫,8000,东兴区－三湾路－仁爱路282号,116,27.84,2019,南北,普通住宅,中层(共17层),毛坯,有
57.8,碧桂园铂悦府,3室2厅1卫,6494,"市中区－城西－康健路,近新光路",89,17.34,2019,南北,普通住宅,中层(共30层),精装修,有
57.6,金科集美天宸,3室2厅2卫,5818,"市中区－城西－甜城大道,近汉渝大道",99,17.28,2019,南北,普通住宅,中层(共32层),毛坯,有
79.8,金科翡翠公园,3室2厅2卫,7189,"东兴区－三湾路－321国道,近汉安大道",111,23.94,2020,南北,普通住宅,中层(共9层),毛坯,有
65,西雅图金山城,3室2厅1卫,7798,东兴区－新六中－东兴大道1668号,83.4,19.5,2010,南北,普通住宅,中层(共6层),精装修,无
68.9,碧桂园铂悦府,3室2厅2卫,6264,"市中区－城西－康健路,近新光路",110,20.67,2019,南北,普通住宅,中层(共23层),精装修,有
59.8,西雅图金山城,3室2厅1卫,7035,东兴区－新六中－东兴大道1668号,85,17.94,2012,南北,普通住宅,高层(共7层),精装修,无
51,星桥街东段114号院,3室2厅1卫,4857,东兴区－月儿湾－ 星桥街东段114号,105,15.3,2000,南,普通住宅,高层(共7层),精装修,无
73.8,金山一品,3室2厅2卫,7380,"资中县－资中城区－资州大道,近抚琴街",100,22.14,2013,南北,普通住宅,中层(共33层),豪华装修,有
56.8,和喜御景台,3室2厅2卫,5856,"市中区－城西－甜城大道中段,近安居街",97,17.04,2019,南北,普通住宅,低层(共11层),毛坯,有
49.8,鑫城花园,3室2厅2卫,4611,资中县－资中城区－郁春路1号,108,14.94,2006,南北,普通住宅,低层(共7层),精装修,无
45.8,百庆锦绣外滩,3室2厅1卫,4535,隆昌市－隆昌城区－新华街6号,101,13.74,2005,南,普通住宅,高层(共6层),精装修,无
34.8,大西街133号院,3室2厅1卫,3910,市中区－城西－大西街133号,89,10.44,2000,南北,普通住宅,中层(共7层),简单装修,无
75.6,欧城印象,3室2厅2卫,7340,东兴区－月儿湾－兴隆路532号,103,22.68,2010,南北,普通住宅,中层(共6层),精装修,无
85,邦泰天著,3室2厅2卫,7522,东兴区－新六中－汉安大道,113,25.5,2018,南北,普通住宅,中层(共8层),毛坯,有
54.8,万为江南里,3室2厅2卫,6157,市中区－市中周边－石羊大道2388号,89,16.44,2020,南北,普通住宅,低层(共18层),毛坯,有
65.8,广汇花园二期,3室2厅2卫,5181,"东兴区－月儿湾－兴隆路,近206省道",127,19.74,2008,南北,普通住宅,高层(共6层),精装修,无
61.3,鑫盛苑,3室2厅1卫,6849,"东兴区－东兴－西盛路,近能力路",89.5,18.39,2008,南北,普通住宅,低层(共6层),精装修,无
66.8,西锦园,3室2厅2卫,6423,东兴区－月儿湾－兴隆路382号,104,20.04,2012,南北,普通住宅,低层(共6层),精装修,无
71.6,金科翡翠公园,3室2厅2卫,6819,"东兴区－三湾路－321国道,近汉安大道",105,21.48,2019,南北,普通住宅,中层(共10层),毛坯,有
66.8,西锦园,3室2厅2卫,6423,东兴区－月儿湾－兴隆路382号,104,20.04,2008,南北,普通住宅,低层(共6层),精装修,无
59,玉都花园B区,3室2厅1卫,5369,东兴区－月儿湾－兴盛路390号,109.9,17.7,2007,南北,普通住宅,中层(共7层),精装修,无
36,民族路373号小区,3室2厅1卫,5294,市中区－城西－民族路373号,68,10.8,2000,南北,普通住宅,中层(共6层),精装修,无
55.5,传化广场锦园,3室2厅1卫,5995,东兴区－三湾路－汉安大道,92.5,16.64,2019,南北,普通住宅,低层(共32层),毛坯,无
51.8,甜城路苑,3室2厅1卫,6094,市中区－城西－交通路528号,85,15.54,2010,南,普通住宅,高层(共12层),精装修,有
75,万达中央华城,3室2厅1卫,8242,东兴区－东兴周边－兰桂大道442号,91,22.5,2012,南北,普通住宅,高层(共33层),精装修,有
59,都英小区,3室2厅1卫,7108,隆昌市－隆昌城区－重庆路86号,83,17.7,2017,南,普通住宅,中层(共7层),精装修,无
37.9,黄桷树小区,3室2厅1卫,4407,隆昌市－隆昌城区－康复中路499号,86,11.37,2000,南,普通住宅,高层(共7层),精装修,无
46,远达世纪城,3室2厅2卫,5130,资中县－资中城区－凤鸣路,89.7,13.8,2020,南北,普通住宅,低层(共18层),毛坯,有
70,西浦观邸第一城,3室2厅2卫,7784,市中区－城西－甜城大道南段488号,89.9,21,2016,南北,普通住宅,低层(共30层),精装修,有
61,艾林丰泽园四号地,3室2厅2卫,4722,东兴区－三湾路－大千路129号附4号,129.2,18.3,2009,南北,普通住宅,中层(共7层),简单装修,无
89.8,西湖逸品,3室2厅1卫,8472,隆昌市－隆昌城区－隆华路一段51号,106,26.94,2016,南北,普通住宅,高层(共30层),精装修,有
37.8,上南街154号院,3室1厅1卫,4667,市中区－城西－上南街154号,81,11.34,2000,南,普通住宅,低层(共7层),精装修,无
56.8,东兴运业小区,3室2厅1卫,4906,东兴区－新六中－兴盛路697号,115.8,17.04,1976,南北,普通住宅,中层(共6层),精装修,无
62.8,金科翡翠公园,3室2厅2卫,5981,"东兴区－三湾路－321国道,近汉安大道",105,18.84,2019,南北,普通住宅,中层(共17层),毛坯,有
66.8,春光花园,3室2厅2卫,5344,隆昌市－隆昌城区－春光路26号,125,20.04,2005,南北,普通住宅,中层(共6层),精装修,无
63.8,金科公园王府,3室2厅1卫,8564,"东兴区－新六中－大千路,近玉屏街",74.5,19.14,2014,南北,普通住宅,高层(共34层),精装修,有
60,船锦尚河半岛,3室2厅2卫,6186,资中县－资中城区－滨江西路,97,18,2015,南北,普通住宅,高层(共30层),毛坯,有
68.5,邦泰颐和上院,3室2厅2卫,7135,"东兴区－三湾路－兰桂大道,近双凤路",96,20.55,2018,南北,普通住宅,低层(共9层),毛坯,有
65.8,华联小区,3室2厅1卫,8436,东兴区－三湾路－汉安大道西89号,78,19.74,2016,南北,普通住宅,低层(共21层),豪华装修,有
53.8,城关职中东区家属宿舍,3室2厅1卫,3927,隆昌市－隆昌城区－飞泉路9号,137,16.14,2005,南,普通住宅,中层(共7层),精装修,无
58.8,和喜御景台,3室2厅2卫,6062,"市中区－城西－甜城大道中段,近安居街",97,17.64,2020,南北,普通住宅,低层(共11层),毛坯,有
87.6,邦泰国际公馆(西区),3室2厅2卫,9522,东兴区－新六中－北环路888号,92,26.28,2015,南北,普通住宅,低层(共32层),毛坯,有
93.8,北关新城荣庭,3室2厅2卫,8017,隆昌市－隆昌城区－石油路二段86号,117,28.14,2009,南北,普通住宅,中层(共6层),精装修,无
69.8,电力名城1区,3室2厅2卫,5540,东兴区－新六中－汉安大道西368号,126,20.94,2006,南北,普通住宅,中层(共7层),精装修,无
49.8,花间集,3室2厅2卫,4116,隆昌市－隆昌城区－成渝中路373号,121,14.94,2008,南,普通住宅,中层(共7层),精装修,无
39.8,邮政花园,3室2厅2卫,4053,"资中县－资中城区－桂花街,近学府街",98.2,11.94,2006,南北,普通住宅,高层(共6层),简单装修,无
83.8,鸿通春天江与城,3室2厅2卫,11639,"东兴区－东兴－兰桂大道,近北环路",72,25.14,2015,南北,普通住宅,高层(共32层),精装修,有
63.8,邦泰天誉,3室2厅1卫,7943,东兴区－三湾路－栖霞路,80.3,19.14,2015,南北,普通住宅,低层(共9层),精装修,有
64.8,金科翡翠公园,3室2厅2卫,6171,"东兴区－三湾路－321国道,近汉安大道",105,19.44,2020,南北,普通住宅,低层(共30层),毛坯,有
85,邦泰国宾上院,3室2厅2卫,7328,东兴区－三湾路－仁爱路282号,116,25.5,2019,南北,普通住宅,低层(共17层),毛坯,有
56.6,和喜御景台,3室2厅2卫,5835,"市中区－城西－甜城大道中段,近安居街",97,16.98,2017,南北,普通住宅,低层(共8层),精装修,有
63.8,金科公园王府,3室2厅1卫,8564,"东兴区－新六中－大千路,近玉屏街",74.5,19.14,2014,南北,普通住宅,高层(共34层),精装修,有
60,船锦尚河半岛,3室2厅2卫,6186,资中县－资中城区－滨江西路,97,18,2015,南北,普通住宅,高层(共30层),毛坯,有
68.5,邦泰颐和上院,3室2厅2卫,7135,"东兴区－三湾路－兰桂大道,近双凤路",96,20.55,2018,南北,普通住宅,低层(共9层),毛坯,有
56.6,和喜御景台,3室2厅2卫,5835,"市中区－城西－甜城大道中段,近安居街",97,16.98,2017,南北,普通住宅,低层(共8层),精装修,有
65.8,华联小区,3室2厅1卫,8436,东兴区－三湾路－汉安大道西89号,78,19.74,2016,南北,普通住宅,低层(共21层),豪华装修,有
53.8,城关职中东区家属宿舍,3室2厅1卫,3927,隆昌市－隆昌城区－飞泉路9号,137,16.14,2005,南,普通住宅,中层(共7层),精装修,无
58.8,和喜御景台,3室2厅2卫,6062,"市中区－城西－甜城大道中段,近安居街",97,17.64,2020,南北,普通住宅,低层(共11层),毛坯,有
87.6,邦泰国际公馆(西区),3室2厅2卫,9522,东兴区－新六中－北环路888号,92,26.28,2015,南北,普通住宅,低层(共32层),毛坯,有
93.8,北关新城荣庭,3室2厅2卫,8017,隆昌市－隆昌城区－石油路二段86号,117,28.14,2009,南北,普通住宅,中层(共6层),精装修,无
69.8,电力名城1区,3室2厅2卫,5540,东兴区－新六中－汉安大道西368号,126,20.94,2006,南北,普通住宅,中层(共7层),精装修,无
49.8,花间集,3室2厅2卫,4116,隆昌市－隆昌城区－成渝中路373号,121,14.94,2008,南,普通住宅,中层(共7层),精装修,无
39.8,邮政花园,3室2厅2卫,4053,"资中县－资中城区－桂花街,近学府街",98.2,11.94,2006,南北,普通住宅,高层(共6层),简单装修,无
83.8,鸿通春天江与城,3室2厅2卫,11639,"东兴区－东兴－兰桂大道,近北环路",72,25.14,2015,南北,普通住宅,高层(共32层),精装修,有
63.8,邦泰天誉,3室2厅1卫,7943,东兴区－三湾路－栖霞路,80.3,19.14,2015,南北,普通住宅,低层(共9层),精装修,有
54.8,玉溪路290号小区,3室2厅2卫,3942,市中区－城西－玉溪路290号,139,16.44,2002,东西,普通住宅,中层(共8层),精装修,无
85,欧城印象,3室2厅2卫,9551,东兴区－月儿湾－兴隆路532号,89,25.5,2013,南北,普通住宅,中层(共11层),精装修,有
58,江城花园,3室2厅2卫,4000,市中区－城西－江华街6号,145,17.4,2005,南,普通住宅,高层(共6层),精装修,无
51.8,丹桂华府,3室2厅1卫,5749,资中县－资中城区－东大道南三巷,90.1,15.54,2008,南北,普通住宅,中层(共15层),精装修,有
51.8,西城时代,3室2厅2卫,4957,市中区－城西－甜城大道505号,104.5,15.54,2019,南北,普通住宅,高层(共32层),毛坯,有
87.8,邦泰紫金学府,3室2厅2卫,7635,东兴区－东兴周边－汉安大道,115,26.34,2019,南北,普通住宅,中层(共8层),毛坯,有
68.8,金山国际,3室2厅1卫,8000,东兴区－新六中－晨望路8号,86,20.64,2010,南北,普通住宅,中层(共11层),精装修,有
53.8,磐石首创城,3室2厅2卫,4891,资中县－资中城区－资州大道,110,16.14,2015,东南,普通住宅,高层(共7层),精装修,无
66,传化广场锦城A区,3室2厅1卫,7097,东兴区－三湾路－汉安大道,93,19.8,2020,南北,普通住宅,低层(共33层),毛坯,有
73.8,翡翠国际社区,3室2厅2卫,7307,东兴区－东兴－汉安大道西段927号,101,22.14,2016,南北,普通住宅,中层(共32层),毛坯,有
58,裕盛家园,3室2厅2卫,5000,隆昌市－隆昌城区－成渝东路306号,116,17.4,2009,南,普通住宅,高层(共6层),精装修,无
71.8,中豪资州印象,3室2厅2卫,6034,资中县－资中城区－滨江路,119,21.54,2014,南北,普通住宅,高层(共32层),毛坯,无
55.6,凤凰社区,3室2厅1卫,6318,东兴区－新六中－红牌路689号,88,16.68,2006,南北,普通住宅,高层(共6层),精装修,无
45.8,南景源,3室2厅1卫,4978,隆昌市－隆昌城区－白塔路一段66号,92,13.74,2010,南北,普通住宅,高层(共7层),精装修,无
49.8,武陵小区,3室2厅2卫,4003,资中县－资中城区－武陵大道,124.4,14.94,2004,北,普通住宅,高层(共7层),精装修,无
53.8,锦绣花园D区,3室2厅1卫,5912,东兴区－新六中－新观街627号,91,16.14,2008,南北,普通住宅,中层(共6层),简单装修,无
48.8,百庆锦绣外滩,3室2厅1卫,4832,隆昌市－隆昌城区－新华街6号,101,14.64,2003,南北,普通住宅,高层(共7层),精装修,无
32.8,中心街57号院,3室2厅1卫,3184,威远县－威远城区－中心街57号,103,9.84,2000,南北,普通住宅,中层(共7层),精装修,无
45,远鸿世纪花园B区,3室2厅2卫,3750,威远县－威远城区－二环路,120,13.5,2005,东南,普通住宅,中层(共7层),豪华装修,无
68,金科公园王府,3室2厅2卫,7640,"东兴区－新六中－大千路,近玉屏街",89,20.4,2017,南北,普通住宅,高层(共33层),毛坯,有
48.8,上南街154号院,3室2厅2卫,4101,市中区－城西－上南街154号,119,14.64,2000,东西,普通住宅,高层(共7层),精装修,无
78.8,翡翠国际社区,3室2厅1卫,9057,东兴区－东兴－汉安大道西段927号,87,23.64,2013,东,普通住宅,低层(共32层),精装修,无
78,西雅图金山城,3室2厅2卫,7222,东兴区－新六中－东兴大道1668号,108,23.4,2010,南北,普通住宅,中层(共18层),精装修,有
61,琼盛苑,3室2厅2卫,5495,东兴区－月儿湾－汉安大道9号,111,18.3,2010,南北,普通住宅,高层(共17层),精装修,有
75.8,广汇城市花园,3室2厅2卫,6043,东兴区－月儿湾－三号路666号,125.4,22.74,2009,南北,普通住宅,中层(共6层),精装修,无
59.8,福都大厦,3室2厅1卫,5436,"东兴区－月儿湾－西林大道,近临江路",110,17.94,2010,南北,普通住宅,高层(共31层),精装修,有
48.6,金河花园,3室2厅1卫,5514,东兴区－三湾路－中兴路269号,88.1,14.58,2000,南北,普通住宅,中层(共7层),精装修,无
70.8,加州蓝湾,3室2厅2卫,5446,东兴区－新六中－临江路548号,130,21.24,2010,南北,普通住宅,高层(共33层),精装修,有
79.9,万晟城峰景,3室2厅1卫,9080,东兴区－三湾路－汉安大道东段111号,88,23.97,2017,南北,普通住宅,高层(共32层),精装修,有
42.8,民族路133号院,3室2厅1卫,5095,市中区－城西－民族路133号,84,12.84,1999,南北,普通住宅,低层(共7层),精装修,无
71.6,星耀香颂湖,3室2厅2卫,7020,"东兴区－月儿湾－栖霞路,近清溪路",102,21.48,2015,南北,普通住宅,中层(共33层),毛坯,有
48.8,凤窝街133号院,3室2厅1卫,5031,东兴区－东兴－凤窝街133号,97,14.64,2000,南北,普通住宅,低层(共6层),精装修,无
52.6,昌达街147号院,3室2厅2卫,4175,隆昌市－隆昌城区－昌达街147号,126,15.78,2004,南,普通住宅,中层(共7层),精装修,无
67.8,锦华都,3室2厅1卫,7976,东兴区－月儿湾－汉安大道东段888号,85,20.34,2016,南北,普通住宅,高层(共31层),精装修,有
80.8,海棠雅居,3室2厅2卫,9619,东兴区－月儿湾－大千路869号,84,24.24,2012,南北,普通住宅,中层(共32层),精装修,有
49.8,清心园,3室2厅1卫,5533,东兴区－新六中－龙观街28号,90,14.94,2005,南北,普通住宅,中层(共7层),精装修,无
50.6,榕树街68号院,3室2厅1卫,6201,东兴区－新六中－榕树街68号,81.6,15.18,2006,南北,普通住宅,中层(共6层),精装修,无
64.6,广汇花园二期,3室2厅1卫,7783,"东兴区－月儿湾－兴隆路,近206省道",83,19.38,2000,南北,普通住宅,中层(共6层),精装修,有
45,大南街14社区,3室2厅1卫,4091,隆昌市－隆昌城区－大南街145号,110,13.5,2002,南,普通住宅,低层(共7层),精装修,无
63.8,和平小区一号街38号院,3室2厅1卫,4253,东兴区－东兴－平安路,150,19.14,2002,南,普通住宅,低层(共8层),精装修,无
73,汉安国际,3室2厅2卫,6636,东兴区－月儿湾－汉安大道西128号,110,21.9,2012,西北,普通住宅,高层(共33层),豪华装修,有
69.8,西浦观邸第一城,3室2厅2卫,6177,市中区－城西－甜城大道南段488号,113,20.94,2015,南,普通住宅,中层(共33层),精装修,有
55.6,鸿通春天公园城,3室2厅1卫,5616,市中区－城西－松山南路135号,99,16.68,2015,南北,普通住宅,高层(共33层),豪华装修,有
68,锦华都,3室2厅1卫,8070,东兴区－月儿湾－汉安大道东段888号,84.3,20.4,2014,南北,普通住宅,中层(共32层),精装修,有
65,凤凰城,3室2厅1卫,7908,"资中县－资中城区－321国道,近资州大道",82.2,19.5,2015,西南,普通住宅,高层(共31层),简单装修,有
59.8,福都大厦,3室2厅1卫,5436,"东兴区－月儿湾－西林大道,近临江路",110,17.94,2008,南北,普通住宅,中层(共33层),精装修,有
50.8,锦绣家园,3室2厅1卫,4748,资中县－资中城区－锦绣路11号,107,15.24,2005,南北,普通住宅,高层(共7层),精装修,无
68,汉安天地,3室2厅1卫,8500,东兴区－新六中－汉安大道西段888号,80,20.4,2016,南北,普通住宅,中层(共33层),毛坯,有
59.8,鹅江花园,3室2厅1卫,4902,隆昌市－隆昌城区－新华街196号,122,17.94,2003,南北,普通住宅,中层(共8层),精装修,无
47.8,长富雅居,3室2厅1卫,5165,市中区－市中周边－南环路63号,92.5,14.34,2010,南北,普通住宅,低层(共6层),精装修,无
38,南山佳苑,3室2厅1卫,3762,市中区－城西－棬子路140号,101,11.4,2000,南北,普通住宅,低层(共7层),简单装修,无
59.8,碧桂园天悦府,3室2厅2卫,6430,资中县－资中城区－321国道,93,17.94,2020,南北,普通住宅,中层(共18层),简单装修,有
54,花满庭,3室2厅1卫,6750,东兴区－新六中－汉安大道西380号,80,16.2,2010,南北,普通住宅,中层(共32层),精装修,有
89.8,翡翠国际社区,3室2厅2卫,8635,东兴区－东兴－汉安大道西段927号,104,26.94,2015,南北,普通住宅,中层(共32层),精装修,有
64,现代国际,3室2厅1卫,6663,资中县－资中城区－资州大道南一段46号,96.1,19.2,2014,南北,普通住宅,高层(共13层),精装修,有
75.8,中豪资州印象,3室2厅2卫,6370,资中县－资中城区－滨江路,119,22.74,2014,南北,普通住宅,高层(共32层),毛坯,无
65.8,广汇花园二期,3室2厅1卫,7868,"东兴区－月儿湾－兴隆路,近206省道",83.6,19.74,2009,南北,普通住宅,中层(共7层),精装修,无
45.8,翔龙山,3室2厅1卫,4722,市中区－市中周边－玉带街1号,97,13.74,2002,南北,普通住宅,低层(共9层),精装修,无
62.8,上上东方,3室2厅1卫,6218,"市中区－城西－龙腾街,近腾飞路",101,18.84,2015,南,普通住宅,中层(共30层),精装修,有
71.6,金科翡翠公园,3室2厅2卫,6819,"东兴区－三湾路－321国道,近汉安大道",105,21.48,2020,南北,普通住宅,中层(共10层),毛坯,有
46.8,中心街26号院,3室2厅1卫,4179,隆昌市－隆昌城区－中心街26号,112,14.04,2000,南北,普通住宅,中层(共7层),精装修,无
58.6,城市花园,3室2厅2卫,5009,"威远县－威远城区－顺城街,近二环路",117,17.58,2010,南北,普通住宅,中层(共6层),精装修,无
42.8,馨泰苑,3室2厅2卫,4505,威远县－威远城区－奉龙街8号,95,12.84,2009,南北,普通住宅,中层(共6层),精装修,无
79,邦泰国际社区御峰,3室2厅2卫,7980,东兴区－三湾路－双凤路,99,23.7,2017,南北,普通住宅,中层(共9层),毛坯,有
78.8,邦泰国际公馆(西区),3室2厅1卫,8854,东兴区－新六中－北环路888号,89,23.64,2016,南北,普通住宅,低层(共30层),精装修,有
58,万为江南里,3室2厅2卫,5918,市中区－市中周边－石羊大道2388号,98,17.4,2018,南北,普通住宅,中层(共18层),精装修,有
37.8,沿江路122号小区,3室2厅1卫,4725,市中区－城西－沿江路122号,80,11.34,2005,南北,普通住宅,低层(共7层),精装修,无
42,望江花园(东兴区),3室2厅1卫,4516,东兴区－东兴－凤窝街四巷8号,93,12.6,2000,南北,普通住宅,中层(共6层),简单装修,无
156.8,船锦尚河半岛,3室2厅2卫,16000,资中县－资中城区－滨江西路,98,47.04,2014,南北,普通住宅,低层(共30层),精装修,有
42.8,鸿福花园,3室2厅1卫,3963,"资中县－资中城区－土地庙街,近苌弘路",108,12.84,1999,南北,普通住宅,高层(共6层),精装修,无
49,明景苑,3室2厅2卫,4169,资中县－资中城区－城南东干道268号,117.5,14.7,2006,南北,普通住宅,中层(共6层),精装修,无
64.6,广汇花园,3室2厅1卫,7725,东兴区－东兴周边－兴隆路308号,83.6,19.38,2000,南北,普通住宅,中层(共6层),精装修,无
49,鑫城花园,3室2厅2卫,3858,资中县－资中城区－郁春路1号,127,14.7,2011,南北,普通住宅,低层(共7层),精装修,无
72.6,电力名城1区,3室2厅2卫,5808,东兴区－新六中－汉安大道西368号,125,21.78,2010,南北,普通住宅,中层(共6层),精装修,无
66.6,邦泰铂仕公馆,3室2厅1卫,8222,东兴区－三湾路－兰桂大道,81,19.98,2017,南北,普通住宅,低层(共32层),精装修,有
54.6,农机厂小区,3室2厅1卫,5056,隆昌市－隆昌城区－新华街354号,108,16.38,2002,南,普通住宅,低层(共7层),精装修,无
57.8,苌弘丽景,3室2厅1卫,6215,"资中县－资中城区－苌弘路,平安大道",93,17.34,2012,南北,普通住宅,中层(共18层),精装修,有
31.8,翔龙山,3室2厅1卫,3718,市中区－市中周边－玉带街1号,85.5,9.54,1997,南北,普通住宅,高层(共7层),简单装修,无
58,和喜御景台,3室2厅2卫,5979,"市中区－城西－甜城大道中段,近安居街",97,17.4,2020,南北,普通住宅,中层(共11层),精装修,有
45.8,翔龙山,3室2厅2卫,3915,市中区－市中周边－玉带街1号,117,13.74,1997,南北,普通住宅,高层(共8层),精装修,无
55,长河路18号小区,3室2厅2卫,5093,资中县－资中城区－长河路18号,108,16.5,2014,南北,普通住宅,中层(共7层),精装修,无
74.8,西雅图水景苑,3室2厅2卫,7057,东兴区－新六中－星桥街516号,106,22.44,2008,南北,普通住宅,低层(共6层),精装修,无
45.8,丽景苑(威远),3室2厅2卫,3271,"威远县－威远城区－荷花街,近高升街",140,13.74,2006,南北,普通住宅,高层(共7层),精装修,无
83.8,西雅图金山城,3室2厅2卫,6496,东兴区－新六中－东兴大道1668号,129,25.14,2010,南北,普通住宅,中层(共15层),精装修,有
82.8,世纪滨江二期,3室2厅2卫,6732,市中区－城西－团结街221号,123,24.84,2010,南北,普通住宅,高层(共30层),精装修,有
58,碧桂园天悦府,3室2厅2卫,6304,资中县－资中城区－321国道,92,17.4,2019,南北,普通住宅,中层(共18层),简单装修,有
74.8,雄飞国际新城,3室2厅2卫,6561,"威远县－威远城区－东风北路,近小河东路",114,22.44,2019,南,普通住宅,低层(共32层),精装修,有
61.8,仁和花园,3室2厅2卫,4828,隆昌市－隆昌城区－仁和中巷26号,128,18.54,2004,南北,普通住宅,高层(共8层),简单装修,有
57.8,鸿琛尚华名城,3室2厅1卫,5898,东兴区－新六中－汉安大道558号,98,17.34,2012,南北,普通住宅,中层(共6层),精装修,有
66.8,水岸豪庭,3室2厅1卫,6987,隆昌市－隆昌城区－青年路46号,95.6,20.04,2013,南北,普通住宅,高层(共30层),精装修,有
53.8,鑫盛苑,3室2厅2卫,5124,"东兴区－东兴－西盛路,近能力路",105,16.14,2004,北,普通住宅,中层(共7层),精装修,无
78.8,翡翠国际社区,3室2厅1卫,9057,东兴区－东兴－汉安大道西段927号,87,23.64,2015,南,普通住宅,低层(共31层),豪华装修,有
59.6,百庆名都,3室2厅2卫,4448,隆昌市－隆昌城区－东新街58号,134,17.88,2007,南,普通住宅,高层(共7层),精装修,无
98.8,万晟城华府,3室2厅2卫,9234,"东兴区－月儿湾－汉安大道,近321国道",107,29.64,2015,南北,普通住宅,高层(共32层),精装修,有
30.6,鑫城花园,3室2厅1卫,2938,资中县－资中城区－郁春路1号,104,9.17,2005,东,普通住宅,高层(共7层),毛坯,无
45.8,凤凰城,3室2厅1卫,5657,"资中县－资中城区－321国道,近资州大道",81,13.74,2017,南北,普通住宅,低层(共18层),毛坯,有
115,邦泰国际社区,3室2厅2卫,10000,东兴区－月儿湾－兰桂大道,115,34.5,2019,南,普通住宅,高层(共9层),豪华装修,有
69.8,万晟城华府,3室2厅2卫,6648,"东兴区－月儿湾－汉安大道,近321国道",105,20.94,2017,南北,普通住宅,低层(共30层),毛坯,有
47.8,凤窝街133号院,3室2厅1卫,5432,东兴区－东兴－凤窝街133号,88,14.34,2011,南北,普通住宅,低层(共6层),精装修,无
55,春光花园,3室2厅2卫,4545,隆昌市－隆昌城区－春光路26号,121,16.5,2005,南,普通住宅,高层(共7层),精装修,无
43,南景源,3室2厅1卫,4674,隆昌市－隆昌城区－白塔路一段66号,92,12.9,2006,南,普通住宅,高层(共7层),精装修,无
79,翡翠国际社区,3室2厅1卫,7980,东兴区－东兴－汉安大道西段927号,99,23.7,2014,东南,普通住宅,低层(共30层),精装修,有
41.8,上南街154号院,3室2厅1卫,4222,市中区－城西－上南街154号,99,12.54,1998,南北,普通住宅,高层(共7层),简单装修,无
73.8,锦华都,3室2厅1卫,8892,东兴区－月儿湾－汉安大道东段888号,83,22.14,2015,南北,普通住宅,低层(共30层),精装修,有
49.8,丽景苑,3室2厅2卫,4131,资中县－资中城区－郁春路17号,120.6,14.94,2005,南北,普通住宅,高层(共6层),精装修,无
38.9,玉溪路290号小区,3室2厅1卫,4226,市中区－城西－玉溪路290号,92,11.66,2000,南北,普通住宅,高层(共7层),精装修,无
49.8,丽景苑,3室2厅2卫,4131,资中县－资中城区－郁春路17号,120.6,14.94,2005,南北,普通住宅,高层(共6层),精装修,无
38.9,玉溪路290号小区,3室2厅1卫,4226,市中区－城西－玉溪路290号,92,11.66,2000,南北,普通住宅,高层(共7层),精装修,无
37.8,东门广场,3室2厅1卫,3670,隆昌市－隆昌城区－隆桥路168号,103,11.34,2000,南,普通住宅,中层(共6层),简单装修,无
51.8,兴隆小区三期,3室2厅1卫,5865,"东兴区－三湾路－兴隆路,近五星路",88.3,15.54,2010,南北,普通住宅,低层(共7层),精装修,无
65.8,雄飞国际新城,3室1厅1卫,6208,"威远县－威远城区－东风北路,近小河东路",106,19.74,2014,南北,普通住宅,高层(共33层),精装修,有
56.8,鸿琛尚华名城,3室2厅1卫,6311,东兴区－新六中－汉安大道558号,90,17.04,2010,南北,普通住宅,中层(共6层),精装修,无
65,鸿通春天公园城,3室2厅2卫,9028,市中区－城西－松山南路135号,72,19.5,2015,东南,普通住宅,高层(共33层),精装修,有
41.8,时代广场,3室2厅1卫,4180,资中县－资中城区－长弘路,100,12.54,2002,南北,普通住宅,中层(共7层),精装修,无
55,鸿运佳苑,3室2厅2卫,4867,威远县－威远城区－三河路177号,113,16.5,2009,南北,普通住宅,低层(共6层),精装修,无
39.9,城南一号西苑,3室2厅1卫,5051,资中县－资中城区－资州大道南二段,79,11.97,2018,南,普通住宅,中层(共17层),毛坯,有
63.8,俊麟大厦,3室2厅2卫,5273,市中区－城西－玉溪路433号,121,19.14,2012,南北,普通住宅,中层(共17层),精装修,有
79,万达中央华城,3室2厅2卫,6270,东兴区－东兴周边－兰桂大道442号,126,23.7,2016,南北,普通住宅,高层(共33层),精装修,有
39.8,望江花园,3室2厅2卫,4682,资中县－资中城区－水南下街1号,85,11.94,2020,南北,普通住宅,低层(共16层),毛坯,有
31.8,武陵小区,3室2厅1卫,4543,资中县－资中城区－武陵大道,70,9.54,2005,南北,普通住宅,低层(共7层),简单装修,无
61.8,金山晶座,3室2厅1卫,7039,资中县－资中城区－滨江西路236号,87.8,18.54,2013,南北,普通住宅,高层(共31层),精装修,有
51.8,丹桂华府,3室2厅1卫,5749,资中县－资中城区－东大道南三巷,90.1,15.54,2012,南北,普通住宅,中层(共15层),精装修,有
68.8,汉安天地,3室2厅1卫,6680,东兴区－新六中－汉安大道西段888号,103,20.64,2016,南北,普通住宅,高层(共32层),精装修,有
66.8,蓝色地中海,3室2厅2卫,6614,威远县－威远城区－罗家坝街,101,20.04,2016,南,普通住宅,低层(共9层),精装修,有
49.8,枇杷花苑,3室2厅1卫,6129,东兴区－月儿湾－兴盛路西段241号,81.3,14.94,2013,南北,普通住宅,中层(共6层),精装修,无
60.2,西雅图金山城,3室2厅1卫,7201,东兴区－新六中－东兴大道1668号,83.6,18.06,2015,南北,普通住宅,低层(共6层),精装修,无
71.8,西雅图金山城,3室2厅1卫,7664,东兴区－新六中－东兴大道1668号,93.7,21.54,2012,南北,普通住宅,中层(共11层),精装修,有
46.8,远鸿世纪花园B区,3室2厅2卫,3900,威远县－威远城区－二环路,120,14.04,2007,南北,普通住宅,中层(共7层),精装修,无
59.8,电力名城1区,3室2厅2卫,4709,东兴区－新六中－汉安大道西368号,127,17.94,2010,南北,普通住宅,中层(共6层),毛坯,无
43.8,阳光小区,3室2厅1卫,4813,威远县－威远城区－正西街34号,91,13.14,2003,南北,普通住宅,低层(共7层),精装修,无
29.8,正东街19号院,3室2厅1卫,4796,资中县－资中城区－正东街19号,62.1,8.94,2008,南北,普通住宅,中层(共6层),精装修,无
53,大南街14社区,3室2厅1卫,5579,隆昌市－隆昌城区－大南街145号,95,15.9,2001,南北,普通住宅,低层(共7层),精装修,无
72.8,中铁城市中心,3室2厅2卫,7280,"资中县－资中城区－资州大道,近春岚北路",100,21.84,2016,南,普通住宅,低层(共23层),毛坯,有
53.8,玉溪路290号小区,3室2厅2卫,3854,市中区－城西－玉溪路290号,139.6,16.14,2002,南北,普通住宅,中层(共9层),精装修,无
88,邦泰铂仕公馆,3室2厅2卫,9102,东兴区－三湾路－兰桂大道,96.7,26.4,2016,南北,普通住宅,高层(共31层),精装修,有
75.8,万晟城峰景,3室2厅2卫,6768,东兴区－三湾路－汉安大道东段111号,112,22.74,2018,南北,普通住宅,中层(共32层),毛坯,有
53,创宇春天花城,3室2厅2卫,5096,威远县－威远城区－东风北路,104,15.9,2019,北,普通住宅,高层(共31层),毛坯,有
46.8,金河花园,3室2厅1卫,5318,东兴区－三湾路－中兴路269号,88,14.04,2009,南北,普通住宅,中层(共6层),简单装修,无
35.8,箭道街174号小区,3室2厅1卫,4838,市中区－城西－箭道街174号,74,10.74,1999,南北,普通住宅,高层(共7层),精装修,无
42,南景源,3室2厅1卫,4565,隆昌市－隆昌城区－白塔路一段66号,92,12.6,2006,南,普通住宅,高层(共7层),精装修,无
126,蜀隆首座,3室2厅2卫,10500,"隆昌市－隆昌城区－人民中路,近万隆路",120,37.8,2015,南北,普通住宅,中层(共17层),精装修,有
65.8,现代国际,3室2厅1卫,7861,资中县－资中城区－资州大道南一段46号,83.7,19.74,2015,东,普通住宅,高层(共33层),精装修,有
51.8,大渊龙居,3室2厅1卫,6094,东兴区－月儿湾－中兴路13号,85,15.54,2010,南北,普通住宅,中层(共7层),精装修,无
57.8,鸿琛尚华名城,3室2厅1卫,6952,东兴区－新六中－汉安大道558号,83.1,17.34,2008,南北,普通住宅,中层(共6层),精装修,无
66,昌建君悦府,3室2厅2卫,5946,市中区－城西－石羊大道北段,111,19.8,2000,南北,普通住宅,低层(共11层),毛坯,有
58.8,鸿通春天公园城,3室2厅2卫,5345,市中区－城西－松山南路135号,110,17.64,2016,南北,普通住宅,低层(共33层),精装修,有
42.2,翔龙山,3室2厅2卫,3607,市中区－市中周边－玉带街1号,117,12.66,2003,南北,普通住宅,高层(共7层),精装修,无
59.6,北街花园,3室2厅2卫,4448,隆昌市－隆昌城区－人民中路,134,17.88,2005,南北,普通住宅,高层(共7层),精装修,无
43.8,长富雅居,3室2厅1卫,6000,市中区－市中周边－南环路63号,73,13.14,2008,南,普通住宅,低层(共7层),精装修,无
73.8,金山一品,3室2厅2卫,7380,"资中县－资中城区－资州大道,近抚琴街",100,22.14,2013,南,普通住宅,中层(共33层),豪华装修,有
63.6,百庆名都,3室2厅1卫,6695,隆昌市－隆昌城区－东新街58号,95,19.08,2010,南,普通住宅,中层(共7层),精装修,无
41.8,金房苑小区,3室2厅1卫,3344,隆昌市－隆昌城区－成渝北路东街111号,125,12.54,2005,南,普通住宅,中层(共7层),精装修,无
69.8,邦泰国际公馆(西区),3室2厅1卫,9971,东兴区－新六中－北环路888号,70,20.94,2018,南北,普通住宅,高层(共32层),精装修,有
73.8,中铁城市中心,3室2厅2卫,7688,"资中县－资中城区－资州大道,近春岚北路",96,22.14,2015,南北,普通住宅,高层(共31层),精装修,有
58.8,广场花园,3室2厅2卫,4594,资中县－资中城区－东干道东376号,128,17.64,2010,南北,普通住宅,中层(共7层),精装修,无
85.5,世茂璀璨悦府,3室2厅2卫,6333,"东兴区－三湾路－红牌路,近东兴大道",135,25.65,2019,南北,平房,中层(共8层),毛坯,有
49.8,月亮街31号院,3室2厅1卫,4743,东兴区－月儿湾－月亮街31号,105,14.94,2003,南北,普通住宅,高层(共7层),精装修,无
43.8,正东街19号院,3室2厅1卫,5034,资中县－资中城区－正东街19号,87,13.14,2005,南北,普通住宅,低层(共7层),精装修,无
50.6,群星花园,3室2厅1卫,5500,隆昌市－隆昌城区－成渝北路212号,92,15.18,2015,南,普通住宅,高层(共7层),精装修,无
68.8,城南一号西苑,3室2厅2卫,7730,资中县－资中城区－资州大道南二段,89,20.64,2014,南北,普通住宅,中层(共33层),精装修,有
63.8,西雅图金山城,3室2厅2卫,6173,东兴区－新六中－东兴大道1668号,103.4,19.14,2009,南北,普通住宅,中层(共6层),精装修,无
75.8,天成国际,3室2厅2卫,8517,东兴区－东兴－兴盛路东段485号,89,22.74,2018,南北,普通住宅,中层(共33层),精装修,有
69.8,磐石首创城,3室2厅1卫,7355,资中县－资中城区－资州大道,94.9,20.94,2018,南,普通住宅,高层(共11层),毛坯,有
62,和平小区一号街38号院,3室2厅2卫,5000,东兴区－东兴－平安路,124,18.6,2005,南北,普通住宅,中层(共6层),简单装修,无
69.8,西浦官邸,3室2厅2卫,5917,市中区－城西－双苏路6号,118,20.94,2013,南北,普通住宅,中层(共33层),精装修,有
76,传化广场锦园,3室2厅2卫,7755,东兴区－三湾路－汉安大道,98,22.8,2015,南北,普通住宅,低层(共32层),精装修,有
